learner_id,age,study_hours,attendance_rate,previous_score,assignments_completed,treatment,outcome
1,24,4.3,81.5,33.2,9,0,11.79
2,32,4.5,70.9,67.3,8,1,15.28
3,28,7.8,57.2,85.5,8,0,12.71
4,25,9.3,54.7,45.7,10,1,20.31
5,24,9.6,50.8,87.0,1,1,10.43
6,28,6.2,93.7,31.2,6,1,14.86
7,28,4.2,61.8,77.6,9,0,12.23
8,21,8.1,60.6,90.7,8,1,17.6
9,25,3.3,86.8,72.7,3,1,14.58
10,20,6.1,66.0,58.5,4,1,13.07
11,19,4.2,75.3,32.9,3,1,11.96
12,29,6.9,58.1,89.8,6,0,10.27
13,23,3.2,98.0,60.6,9,1,20.07
14,19,2.7,92.6,31.9,8,1,16.13
15,18,9.3,93.2,74.8,10,1,24.6
16,29,1.9,70.3,61.3,4,1,11.73
17,29,5.6,88.1,38.1,2,1,13.05
18,34,3.0,57.2,43.9,8,1,16.22
19,27,1.4,50.4,34.2,8,1,14.05
20,33,1.3,51.0,67.3,6,1,16.63
21,32,2.6,79.3,70.4,8,0,9.62
22,32,8.8,72.8,62.9,9,1,19.85
23,29,3.5,75.9,83.1,1,1,11.34
24,20,9.6,50.4,86.0,9,0,14.46
25,22,6.2,71.1,70.0,2,0,11.77
26,24,4.9,85.9,30.8,1,1,9.35
27,26,6.2,72.1,75.2,8,1,19.95
28,24,5.7,86.6,57.2,8,0,11.17
29,21,7.8,61.7,66.8,4,1,16.78
30,31,3.5,90.7,72.2,8,1,17.9
31,26,4.2,79.4,52.8,7,0,11.11
32,19,9.0,60.5,89.6,2,0,7.07
33,32,9.5,61.8,38.7,5,1,14.26
34,24,9.0,81.4,73.6,10,1,19.98
35,29,4.8,91.5,30.3,4,0,12.16
36,25,8.0,70.8,90.1,3,0,11.13
37,32,5.3,62.9,37.3,1,0,4.68
38,20,5.5,93.4,36.2,5,1,13.4
39,31,2.8,83.5,51.6,10,0,11.07
40,34,6.3,72.4,54.3,8,1,20.3
41,21,2.7,74.4,43.9,9,0,14.81
42,25,4.0,60.2,68.0,7,1,15.48
43,21,8.7,81.3,58.8,1,0,12.71
44,19,2.9,67.9,32.2,1,1,8.94
45,23,1.6,99.8,50.8,1,1,13.16
46,27,1.6,74.0,82.7,2,0,9.49
47,21,9.5,74.3,74.8,1,0,8.0
48,29,5.6,78.3,77.1,4,1,15.57
49,19,4.7,95.8,75.4,10,0,16.56
50,27,8.3,90.0,50.2,9,1,16.92
51,21,8.5,72.6,36.5,4,0,9.9
52,31,4.0,85.9,47.7,4,0,11.44
53,33,7.2,79.3,84.1,7,1,17.27
54,32,7.9,74.6,93.7,9,1,20.35
55,25,6.9,59.6,62.1,7,1,14.23
56,31,2.4,73.2,30.6,1,0,4.16
57,25,8.9,62.3,39.1,1,0,6.04
58,33,5.9,95.7,50.9,4,1,18.05
59,30,3.5,66.8,67.6,4,0,8.82
60,32,4.8,97.6,34.9,1,0,5.61
61,30,1.3,76.7,91.3,6,0,11.8
62,26,2.2,81.6,53.7,10,0,10.27
63,32,7.9,77.1,89.3,2,1,10.36
64,30,1.0,56.5,80.7,5,1,10.5
65,18,4.7,68.8,79.1,8,1,18.32
66,24,5.7,55.0,69.4,3,1,12.89
67,26,1.5,81.1,70.7,9,1,19.13
68,18,9.8,72.3,71.5,7,1,15.67
69,29,3.0,88.9,70.9,9,1,17.98
70,25,3.7,61.0,66.0,1,0,3.67
71,28,3.7,58.2,94.1,5,0,11.91
72,34,3.1,70.3,77.6,3,1,10.28
73,25,1.0,96.3,80.5,4,0,9.88
74,20,7.6,85.5,86.7,4,0,12.41
75,20,9.7,70.9,44.0,7,1,16.44
76,18,3.0,75.9,35.4,10,1,12.24
77,22,7.0,54.2,61.4,8,1,20.3
78,27,7.7,99.2,63.4,10,0,15.08
79,24,8.6,83.3,83.9,5,1,14.58
80,26,4.8,64.3,58.8,10,1,19.6
81,24,3.7,79.3,67.1,7,1,18.0
82,26,3.9,55.5,64.3,3,0,7.65
83,25,7.4,98.3,32.5,3,0,11.9
84,29,8.4,58.7,70.0,3,0,8.28
85,19,2.6,82.4,83.8,4,0,10.86
86,18,4.3,62.3,40.2,6,0,10.78
87,33,9.1,85.9,68.6,5,0,15.31
88,22,8.3,88.8,68.6,8,1,15.7
89,20,9.9,83.7,40.7,5,1,20.76
90,29,7.8,80.7,38.0,5,1,17.4
91,25,4.5,94.6,93.7,10,0,17.55
92,20,6.3,53.9,55.6,2,0,5.97
93,18,6.9,66.5,44.8,5,0,8.19
94,20,1.7,62.4,41.1,7,0,10.53
95,22,5.9,99.4,73.4,2,0,10.71
96,32,7.4,69.5,69.6,6,0,12.94
97,31,2.5,86.6,71.8,7,1,16.84
98,20,8.0,84.2,35.7,5,1,16.06
99,18,6.3,60.6,88.1,9,1,14.78
100,22,9.6,61.9,55.3,4,1,14.37
101,31,1.4,64.1,50.4,10,1,13.52
102,24,3.4,70.6,60.1,1,1,10.61
103,26,6.4,61.7,55.4,8,1,19.43
104,32,3.7,51.0,86.1,8,1,14.92
105,32,7.4,94.0,90.4,7,1,18.36
106,27,7.8,98.3,49.7,8,0,12.08
107,30,1.9,67.1,86.2,2,1,10.59
108,24,5.6,66.9,80.8,3,1,15.13
109,34,5.6,50.4,90.5,9,1,20.06
110,21,4.3,84.0,46.0,1,0,9.63
111,22,9.4,91.3,67.5,8,0,12.85
112,24,8.4,57.3,47.8,8,1,18.38
113,30,7.3,58.0,83.6,7,1,19.3
114,32,7.4,89.5,30.3,5,0,13.36
115,28,5.2,80.8,66.7,4,1,12.79
116,21,9.3,52.2,52.0,10,1,14.92
117,30,7.3,81.1,51.0,10,0,14.25
118,24,7.6,65.4,71.9,10,1,25.52
119,19,8.8,68.4,85.3,10,0,14.33
120,27,3.5,88.5,69.6,6,1,17.08
121,30,8.3,90.5,85.5,1,1,10.49
122,23,2.8,70.0,47.2,5,1,16.61
123,29,4.1,97.4,63.8,4,1,11.14
124,29,4.0,70.3,59.3,4,0,4.49
125,28,9.8,88.6,30.8,7,1,17.69
126,24,8.7,74.2,66.2,9,1,19.94
127,18,7.3,94.9,73.0,8,1,22.55
128,18,7.5,95.4,68.5,8,0,16.26
129,30,6.1,54.4,77.9,5,0,7.05
130,26,9.5,96.8,67.1,6,0,13.13
131,20,5.5,91.3,34.3,2,1,10.69
132,24,4.4,89.6,37.6,3,0,5.4
133,23,2.5,60.0,68.8,5,1,14.31
134,25,8.1,90.3,47.9,2,1,15.84
135,26,7.6,92.5,35.2,3,1,12.21
136,22,4.5,64.5,57.9,4,1,12.45
137,18,1.2,97.6,66.0,6,1,14.93
138,27,8.6,52.5,51.4,5,1,13.31
139,29,1.1,57.5,76.8,10,0,12.99
140,32,7.3,76.9,71.8,4,1,14.23
141,26,9.7,78.8,51.6,2,1,14.25
142,34,4.9,82.3,79.1,5,1,14.86
143,34,3.1,50.8,72.2,5,1,14.24
144,29,7.3,98.0,71.4,7,0,12.75
145,24,8.4,52.2,66.0,1,0,9.06
146,19,5.9,57.2,30.7,4,1,10.73
147,20,9.7,50.7,75.3,5,0,12.92
148,34,1.5,78.3,54.4,8,1,13.94
149,22,5.5,96.6,91.3,8,0,17.01
150,34,7.5,83.3,83.2,1,0,5.78
151,34,8.8,91.1,68.2,5,0,12.33
152,34,2.6,50.7,46.4,10,1,14.76
153,19,8.2,77.1,43.2,1,1,12.0
154,19,6.0,73.0,52.1,1,1,9.08
155,22,4.6,74.9,61.0,2,1,11.85
156,18,2.2,53.6,49.2,2,0,4.0
157,18,8.8,84.2,63.5,9,0,14.62
158,19,2.4,75.2,40.7,4,1,11.29
159,29,3.8,88.3,93.6,3,1,15.67
160,23,3.6,74.3,37.0,1,0,5.91
161,21,8.8,57.5,90.6,2,1,18.28
162,28,7.1,82.4,89.4,6,1,17.21
163,34,8.2,58.6,64.1,9,0,13.95
164,23,3.3,93.6,77.1,5,0,17.86
165,22,6.6,80.7,58.3,4,1,14.34
166,19,6.1,57.9,71.0,5,0,12.72
167,23,8.5,98.1,52.1,9,0,16.03
168,28,9.2,75.9,49.6,7,1,22.22
169,33,1.1,53.6,67.6,8,0,8.8
170,33,7.1,81.3,62.4,4,0,7.44
171,18,1.5,62.7,67.7,8,0,9.81
172,26,5.9,90.2,48.6,6,1,16.45
173,23,3.6,90.9,53.9,5,1,12.67
174,33,3.8,98.9,35.5,7,0,7.03
175,20,4.2,75.1,33.4,6,0,7.92
176,21,6.6,72.7,46.5,3,1,13.74
177,20,4.0,87.7,34.8,5,1,11.92
178,24,7.6,56.6,36.7,9,1,19.19
179,26,4.6,77.3,82.8,7,0,10.96
180,18,1.6,77.3,32.5,4,1,11.36
181,25,8.1,54.5,72.8,7,1,16.42
182,24,3.6,70.9,47.7,5,1,13.75
183,25,4.9,92.7,86.7,2,1,15.11
184,18,7.2,92.8,61.5,6,0,15.63
185,28,4.0,55.0,49.9,7,1,15.82
186,27,1.5,54.5,63.6,8,0,10.75
187,20,4.4,63.1,54.8,6,0,11.76
188,24,9.5,93.7,66.7,8,1,21.72
189,33,6.8,56.4,37.4,7,1,19.1
190,33,7.0,86.0,94.8,2,0,10.36
191,34,6.7,55.1,57.7,6,1,14.95
192,19,2.8,81.2,52.6,9,0,15.59
193,18,4.8,67.8,76.2,6,1,11.92
194,33,7.8,89.4,53.7,4,1,15.07
195,29,1.9,61.7,84.2,7,0,13.52
196,22,3.5,82.0,59.5,3,0,10.8
197,22,3.5,61.8,76.8,5,0,6.15
198,26,4.9,85.7,37.0,1,0,3.77
199,26,9.8,93.7,85.0,10,0,12.53
200,20,1.6,56.3,77.8,3,1,13.49
201,33,5.7,93.3,43.8,8,0,13.22
202,33,2.6,79.7,39.4,9,1,19.03
203,20,9.7,56.4,50.6,9,0,13.91
204,18,2.0,71.4,93.4,10,1,23.52
205,28,4.6,58.0,46.7,2,0,4.94
206,34,7.6,85.0,59.6,4,0,9.9
207,25,7.3,87.9,32.0,5,1,15.74
208,21,4.8,55.3,55.8,3,0,6.62
209,23,4.1,75.3,67.1,1,1,12.39
210,25,4.6,90.7,92.0,6,1,17.55
211,20,3.4,96.8,63.6,10,1,19.04
212,33,2.8,75.7,83.2,2,0,8.48
213,20,5.3,97.5,65.6,9,0,16.14
214,31,3.4,76.8,32.7,1,0,4.9
215,19,3.6,69.7,50.5,9,1,14.41
216,20,6.9,92.4,67.4,7,0,13.6
217,33,9.7,74.6,91.8,10,0,15.99
218,26,6.4,73.6,85.8,2,0,7.7
219,21,1.7,74.5,44.8,6,0,6.24
220,18,1.7,92.3,44.3,8,0,13.67
221,21,9.6,91.6,43.1,2,0,10.23
222,18,3.7,70.2,90.0,5,0,14.35
223,31,1.8,66.7,85.4,6,0,11.53
224,33,6.4,74.6,80.4,3,0,12.42
225,25,6.6,78.6,55.5,2,1,11.06
226,24,6.8,61.9,62.8,6,0,7.68
227,20,3.4,89.7,60.2,3,0,7.45
228,34,1.1,74.3,46.5,2,0,6.02
229,18,9.7,66.7,62.8,1,0,9.09
230,33,3.3,55.3,32.0,8,0,13.05
231,29,7.1,61.9,38.6,1,1,11.31
232,31,7.4,97.5,87.6,5,1,22.73
233,23,6.5,65.3,78.9,6,0,12.57
234,23,3.8,58.4,57.5,3,1,11.92
235,30,3.4,73.0,63.6,7,0,12.5
236,25,6.4,65.4,54.0,2,0,8.62
237,19,8.8,51.8,78.2,7,1,18.35
238,18,9.5,66.2,81.0,2,1,12.3
239,32,2.0,77.2,79.6,5,1,16.34
240,18,2.4,77.6,77.0,7,0,17.39
241,22,9.5,67.8,43.3,3,0,7.21
242,33,7.6,72.4,52.0,4,1,14.38
243,21,8.9,98.3,60.5,1,1,11.55
244,20,2.8,68.9,51.5,3,0,9.25
245,34,6.3,62.9,79.1,9,1,20.32
246,34,7.3,62.2,51.4,10,1,15.59
247,29,7.1,72.9,39.0,5,0,7.29
248,31,4.7,88.0,55.9,8,1,13.31
249,23,1.1,60.3,93.7,2,1,14.88
250,20,6.2,85.5,44.7,3,0,7.07
251,26,3.3,51.1,69.8,7,1,14.7
252,22,5.1,70.9,58.1,10,0,13.57
253,34,9.6,88.8,34.6,4,0,11.97
254,31,4.6,66.9,61.7,9,1,18.79
255,20,8.6,78.2,75.6,7,1,19.94
256,18,2.7,60.2,63.4,1,1,8.44
257,18,7.1,87.1,86.7,4,1,18.09
258,20,9.8,52.6,48.8,10,1,20.85
259,27,1.9,92.6,35.6,6,1,15.27
260,20,1.1,59.9,90.9,6,0,8.84
261,25,4.9,93.7,54.6,10,1,17.12
262,31,1.8,67.6,67.5,6,1,17.75
263,32,7.7,86.1,81.5,5,0,16.47
264,19,9.2,66.0,51.1,3,1,13.8
265,27,4.9,95.3,76.6,2,1,14.01
266,19,3.3,56.3,38.8,3,1,10.79
267,34,4.9,58.9,48.9,9,0,13.8
268,25,7.5,74.7,39.4,3,1,10.22
269,18,1.1,54.1,82.7,3,0,8.89
270,26,6.3,59.8,44.5,1,0,4.33
271,28,6.5,97.2,76.6,2,1,14.85
272,33,6.7,98.8,91.3,3,1,14.82
273,24,3.2,68.8,64.3,2,0,6.38
274,27,7.4,96.2,65.1,8,0,14.75
275,20,1.8,77.2,60.0,6,1,13.15
276,30,2.8,63.5,51.2,7,1,12.26
277,24,8.9,85.1,60.9,1,1,16.57
278,21,7.6,82.9,69.2,6,1,15.28
279,30,1.1,99.5,94.1,2,0,4.94
280,18,3.2,63.3,91.0,6,0,13.19
281,25,2.9,83.6,86.0,3,0,9.35
282,31,3.4,52.6,87.8,7,0,12.36
283,33,3.2,55.7,60.4,3,0,8.21
284,31,1.6,50.2,72.7,9,0,15.28
285,29,5.1,100.0,88.2,3,1,19.58
286,32,7.6,90.1,55.5,7,0,13.48
287,19,6.5,89.3,92.5,4,1,14.54
288,19,7.1,75.5,57.0,8,1,18.16
289,34,1.7,65.0,69.1,2,1,12.16
290,27,9.6,57.6,76.1,8,1,20.93
291,23,8.5,64.2,91.8,9,1,20.67
292,32,8.2,68.8,45.9,8,0,11.69
293,28,8.4,87.8,78.5,6,0,11.65
294,22,9.4,77.0,63.9,10,0,15.62
295,18,5.9,53.9,47.5,1,0,3.26
296,25,2.8,50.9,80.5,7,1,16.08
297,29,6.6,55.1,65.9,1,1,11.84
298,29,7.7,70.5,73.0,7,1,18.2
299,22,7.6,96.7,51.0,2,0,10.39
300,24,5.7,81.9,61.3,8,1,20.74
301,21,1.6,90.1,70.1,2,0,8.07
302,23,4.3,73.3,56.3,3,1,12.75
303,30,9.3,68.1,42.9,3,0,8.17
304,32,6.3,55.4,92.5,1,0,9.77
305,20,5.8,93.8,63.2,5,0,11.41
306,25,3.4,89.2,77.7,5,1,18.02
307,33,4.3,58.4,56.7,10,0,15.93
308,30,9.1,75.6,53.1,5,0,11.83
309,27,7.0,74.4,56.5,9,1,18.39
310,34,8.1,81.3,56.6,6,1,16.39
311,22,5.1,97.3,65.4,6,0,13.22
312,26,6.7,79.0,65.3,3,1,15.26
313,29,3.2,77.0,62.3,5,0,9.68
314,18,7.3,52.5,38.8,10,0,13.92
315,18,4.8,53.1,62.2,7,0,9.95
316,32,5.0,59.4,41.0,3,0,8.38
317,19,6.8,51.6,38.2,2,1,9.43
318,33,9.4,87.2,90.6,5,1,20.19
319,25,1.6,86.2,69.3,3,0,8.22
320,30,8.4,56.8,72.9,5,1,19.19
321,18,3.6,91.8,56.1,9,1,18.11
322,33,5.0,57.7,89.1,10,0,15.91
323,24,1.2,65.1,71.5,1,0,3.83
324,22,3.7,62.4,80.0,4,1,16.61
325,20,5.5,68.6,54.0,10,1,18.25
326,29,1.5,62.7,92.4,5,1,17.83
327,33,5.4,74.4,83.3,2,1,13.74
328,22,9.3,70.4,85.5,2,0,9.88
329,31,1.9,99.3,41.2,1,1,9.56
330,22,7.9,52.8,47.6,8,0,13.62
331,32,4.7,57.1,48.6,2,1,11.81
332,34,6.9,52.6,47.6,3,1,9.5
333,31,3.3,81.3,85.6,2,0,8.01
334,22,2.4,52.7,32.1,4,0,8.43
335,29,2.4,91.8,34.9,1,1,8.81
336,33,1.6,75.6,47.8,3,0,5.82
337,33,2.7,76.4,43.0,5,1,13.44
338,24,7.0,78.1,45.1,10,1,19.13
339,21,8.9,58.5,81.9,1,1,12.45
340,18,8.3,59.9,66.6,4,0,13.94
341,22,7.2,65.9,30.4,6,1,14.2
342,27,2.0,79.7,57.9,4,1,10.35
343,22,3.6,60.5,56.5,7,1,11.65
344,21,3.8,55.8,37.4,7,1,15.82
345,19,3.2,98.5,73.9,6,1,14.51
346,27,5.6,51.1,75.6,9,1,17.84
347,18,5.8,90.1,76.9,2,0,7.85
348,22,4.2,89.4,77.4,10,1,19.82
349,30,4.2,64.9,30.0,8,0,11.59
350,21,8.5,56.8,92.0,8,0,12.1
351,33,8.1,57.3,82.9,10,0,14.98
352,33,3.8,84.9,88.8,4,1,14.06
353,19,9.2,82.1,31.0,6,1,14.2
354,34,9.6,89.1,90.7,6,1,18.88
355,29,3.9,96.9,82.6,5,0,10.76
356,20,4.2,84.6,84.4,1,0,10.35
357,18,5.6,57.8,36.1,3,0,5.91
358,18,9.5,62.2,78.0,7,1,19.31
359,28,8.9,92.1,92.4,8,0,16.84
360,22,1.9,60.5,74.1,2,0,4.59
361,29,4.5,53.6,67.1,3,0,7.48
362,20,6.0,85.2,91.5,4,1,16.21
363,18,5.5,70.1,58.8,5,1,15.18
364,18,2.7,96.0,69.0,3,1,13.26
365,25,8.7,82.5,61.0,5,0,13.78
366,27,7.1,54.5,90.6,8,0,14.55
367,28,8.5,97.4,34.9,8,0,14.08
368,29,8.7,62.9,62.6,2,0,7.61
369,30,7.7,66.9,74.7,6,0,13.39
370,29,5.0,70.1,81.5,4,0,14.5
371,31,6.5,52.6,67.9,9,0,14.85
372,19,2.4,74.8,89.1,10,0,17.51
373,20,7.1,56.2,91.2,2,0,9.04
374,34,2.6,70.0,34.2,8,1,16.5
375,25,7.2,67.5,56.2,1,1,13.89
376,27,3.1,88.6,31.5,6,1,14.54
377,19,2.1,90.2,51.4,10,0,13.65
378,26,2.5,57.7,64.9,1,0,3.41
379,24,1.0,68.3,89.2,2,1,11.81
380,21,7.5,68.7,85.0,3,0,11.72
381,30,7.6,57.6,38.3,9,1,15.5
382,28,5.6,89.9,36.0,5,1,11.99
383,21,2.5,85.4,68.3,10,1,18.89
384,21,1.8,59.5,64.6,10,1,17.39
385,27,1.2,68.3,47.3,2,1,7.17
386,22,2.5,55.3,88.5,10,1,18.27
387,26,9.0,81.4,90.3,5,0,13.79
388,20,3.2,56.1,56.2,5,0,11.94
389,34,4.2,99.3,87.9,1,0,8.27
390,20,1.9,89.0,55.0,3,0,12.47
391,33,3.0,69.5,77.9,5,0,10.84
392,21,5.7,78.9,60.9,9,0,11.63
393,34,6.5,95.6,38.0,10,1,18.62
394,24,3.2,77.7,90.3,1,0,6.22
395,22,1.5,58.7,59.5,8,0,11.18
396,29,4.5,68.9,77.7,1,0,8.81
397,34,3.1,92.2,53.9,9,1,18.28
398,30,3.0,82.2,31.2,6,0,7.32
399,20,9.6,82.5,36.5,1,1,10.08
400,26,6.5,93.3,62.3,8,1,19.62
401,34,6.0,94.7,74.8,5,1,18.16
402,34,4.7,96.0,51.8,7,0,11.27
403,33,4.9,54.7,75.2,7,0,7.15
404,30,5.9,77.2,75.4,7,1,15.27
405,34,7.3,87.0,75.8,6,0,15.0
406,21,7.3,87.8,62.0,8,0,12.48
407,29,2.5,80.3,89.5,9,0,14.01
408,26,5.5,58.3,61.8,2,1,12.91
409,29,4.7,89.9,59.3,7,0,11.82
410,26,8.8,86.0,43.0,2,1,16.36
411,24,6.7,54.3,50.0,6,0,9.86
412,31,5.8,73.2,32.8,2,1,9.5
413,32,2.0,58.7,71.2,10,1,19.66
414,33,6.5,66.9,46.2,6,0,10.84
415,22,2.1,50.9,49.8,2,0,3.99
416,20,4.0,70.0,80.1,1,0,8.85
417,29,2.3,77.5,51.3,7,0,10.48
418,21,7.2,81.0,45.7,3,1,11.32
419,33,2.9,83.2,41.0,4,0,8.66
420,24,4.5,91.8,80.4,6,1,16.89
421,30,9.1,60.8,38.4,5,0,6.64
422,27,2.8,56.0,59.5,4,0,6.44
423,24,5.6,92.6,63.0,9,1,22.95
424,31,4.8,57.8,74.7,6,1,15.51
425,22,1.2,98.7,71.2,6,0,14.31
426,20,8.1,92.1,82.7,2,1,16.2
427,28,1.6,75.0,32.9,6,0,11.57
428,28,5.3,99.1,49.3,7,1,18.25
429,32,6.0,54.9,48.2,8,0,10.06
430,29,6.7,65.2,39.5,8,0,13.22
431,26,7.2,81.9,48.8,9,1,16.71
432,27,3.3,67.5,50.1,10,0,15.21
433,29,1.1,96.4,63.9,3,0,9.2
434,34,7.5,53.3,73.1,10,0,15.17
435,23,5.8,77.5,54.8,7,1,15.66
436,24,8.5,79.5,76.8,7,1,20.41
437,31,8.4,82.6,51.9,1,1,12.57
438,30,8.6,62.8,48.9,8,0,9.06
439,25,5.4,68.2,65.2,4,1,10.6
440,27,4.0,92.2,31.5,5,0,6.8
441,26,8.1,59.7,35.2,6,0,11.94
442,19,5.1,91.3,57.2,3,1,15.59
443,22,2.7,78.1,91.3,5,0,12.23
444,22,8.7,88.1,76.9,10,0,17.29
445,23,8.9,85.7,35.7,5,1,18.52
446,25,5.2,60.4,85.0,1,1,12.84
447,33,1.7,78.4,77.6,3,0,10.33
448,30,4.5,93.4,69.7,3,0,9.79
449,18,8.2,71.6,83.3,1,1,12.9
450,34,9.1,98.3,56.3,7,0,13.08
451,24,2.8,72.6,44.4,1,0,10.0
452,30,1.6,57.1,63.3,7,0,8.7
453,21,8.9,69.5,65.7,4,1,16.15
454,21,4.5,97.6,65.0,9,0,11.47
455,23,5.9,66.0,66.7,7,0,11.17
456,29,9.7,93.4,91.7,5,0,15.36
457,24,1.6,94.1,88.6,7,0,9.63
458,27,6.8,67.5,86.9,9,0,17.08
459,24,1.7,54.2,82.1,10,1,21.59
460,20,4.4,86.2,91.3,6,1,18.17
461,30,8.2,65.6,36.4,1,0,9.16
462,30,4.9,89.1,47.2,6,1,16.07
463,25,10.0,72.1,62.2,1,0,10.0
464,26,6.0,74.3,85.0,4,1,16.47
465,24,3.9,88.9,62.8,8,0,12.16
466,18,3.0,69.1,78.6,5,1,13.39
467,20,4.2,72.2,39.0,5,0,11.53
468,30,4.4,68.8,46.4,10,1,17.44
469,34,1.6,68.4,77.6,8,1,16.06
470,18,4.3,76.3,40.7,8,0,11.47
471,23,5.2,90.4,52.8,1,0,8.06
472,23,7.5,68.1,47.2,5,0,7.91
473,29,6.9,76.2,52.7,5,1,14.84
474,30,7.4,83.5,76.0,8,0,15.18
475,30,1.1,63.5,53.9,1,1,6.55
476,32,3.0,63.9,66.1,7,1,15.72
477,33,7.0,96.7,36.5,7,0,10.28
478,28,5.4,86.2,82.3,9,0,15.88
479,22,1.0,78.9,54.0,2,1,14.96
480,21,8.2,82.4,72.2,3,1,15.17
481,20,8.0,51.5,77.2,4,1,12.68
482,32,5.9,80.9,43.6,1,0,7.36
483,26,1.6,75.5,87.5,7,0,13.59
484,34,7.9,77.3,70.1,10,1,18.66
485,31,6.3,68.0,57.9,3,1,9.78
486,32,8.0,54.1,41.9,3,1,10.53
487,18,7.8,59.7,91.2,3,0,10.6
488,20,8.2,97.5,79.1,8,0,14.42
489,33,5.7,70.4,43.5,9,0,15.07
490,28,2.3,73.3,52.0,10,1,18.22
491,29,7.0,52.6,82.6,2,0,9.26
492,27,6.6,51.9,75.2,10,1,15.51
493,33,7.7,85.9,79.8,10,1,22.63
494,25,2.5,76.9,58.7,1,0,10.63
495,23,2.8,75.4,76.6,9,0,15.72
496,29,9.0,62.2,55.1,6,1,14.95
497,25,7.7,87.2,43.7,9,0,13.65
498,21,9.2,58.4,71.1,6,0,13.33
499,25,7.8,59.5,93.4,2,0,12.78
500,22,6.4,73.0,50.2,1,1,10.11
501,26,6.9,64.3,60.0,8,1,16.44
502,21,9.0,62.4,73.8,3,1,14.72
503,34,6.2,82.3,65.2,1,1,12.39
504,26,6.7,82.5,84.8,8,1,21.03
505,18,2.4,91.2,79.5,1,1,12.82
506,30,5.3,70.9,33.8,8,1,12.96
507,33,7.4,53.7,94.9,1,0,7.69
508,30,3.4,63.7,78.9,9,0,12.65
509,31,2.8,99.0,86.2,9,1,15.15
510,20,3.8,79.8,72.3,9,1,20.18
511,23,3.2,85.5,85.7,3,0,10.31
512,22,2.9,50.4,37.3,4,1,9.66
513,32,4.8,75.9,52.6,5,0,11.91
514,19,9.2,51.9,87.0,6,0,13.61
515,27,5.6,78.5,43.1,9,1,14.95
516,30,2.7,96.0,35.1,4,0,9.73
517,22,1.7,98.4,81.2,6,1,19.21
518,18,7.3,77.0,84.3,1,0,8.87
519,18,4.4,72.9,40.6,2,0,6.78
520,32,8.4,97.3,85.5,8,1,21.12
521,34,6.9,83.7,74.6,4,1,13.44
522,28,8.2,53.2,63.8,10,0,15.12
523,34,3.4,73.3,84.0,7,1,15.04
524,30,7.2,62.0,57.3,4,1,14.03
525,18,3.4,73.5,42.6,9,0,12.72
526,19,9.5,72.8,48.5,9,0,15.25
527,26,6.7,79.1,62.8,4,1,16.11
528,20,3.9,67.8,64.5,8,1,14.72
529,18,3.4,58.2,82.4,6,0,11.89
530,33,2.7,75.2,81.4,1,0,9.71
531,23,7.3,91.5,67.8,7,0,11.25
532,34,3.0,83.2,80.8,1,0,11.58
533,22,6.4,66.9,42.5,3,1,10.49
534,22,3.4,96.8,33.3,8,1,19.52
535,23,7.0,95.6,86.8,9,0,14.25
536,20,8.3,60.5,34.9,3,1,12.38
537,22,8.0,52.0,46.0,1,1,10.51
538,22,7.8,87.1,75.2,1,1,11.3
539,27,2.7,91.4,56.6,7,1,17.48
540,27,1.8,98.4,87.0,5,1,17.49
541,34,7.3,94.5,49.4,1,1,14.15
542,31,4.3,80.0,30.8,6,0,9.32
543,26,4.9,76.5,49.5,6,0,9.39
544,31,1.3,51.4,67.6,4,1,13.87
545,18,3.3,62.3,54.4,7,0,11.44
546,30,1.3,73.0,64.8,7,0,9.84
547,30,8.9,81.4,87.0,9,0,16.65
548,21,3.2,77.9,89.3,1,1,9.09
549,18,6.0,87.1,47.3,5,1,15.34
550,34,1.4,64.0,60.0,10,0,14.58
551,25,7.0,78.2,65.7,3,0,9.42
552,19,3.9,54.4,91.7,7,1,17.89
553,25,9.1,70.7,94.9,4,0,13.97
554,24,9.0,87.5,45.3,4,1,15.99
555,19,3.9,84.7,77.3,1,0,11.72
556,20,9.1,99.5,54.6,1,1,16.85
557,29,10.0,63.9,30.5,10,1,19.97
558,18,8.4,74.9,30.6,2,1,12.95
559,29,8.6,66.5,59.9,2,1,12.85
560,22,3.2,72.0,61.7,1,0,5.55
561,34,6.2,92.8,31.5,8,0,13.9
562,33,1.6,84.2,74.7,6,1,14.99
563,32,1.9,94.1,49.1,6,1,12.69
564,32,10.0,60.2,66.4,10,0,14.02
565,22,3.9,93.7,49.6,10,1,17.38
566,31,7.7,53.0,40.9,9,1,20.48
567,19,8.3,94.4,56.5,5,1,18.56
568,28,8.7,66.5,45.1,4,1,14.33
569,24,10.0,65.7,64.8,6,1,18.15
570,23,3.2,75.6,42.9,8,1,16.67
571,19,1.4,97.0,63.0,1,1,9.62
572,23,4.7,52.4,40.2,7,1,11.77
573,19,2.2,67.6,73.6,8,1,18.44
574,32,1.2,92.8,79.0,9,0,11.53
575,19,4.2,69.8,37.2,8,0,11.37
576,23,8.1,60.0,60.4,7,0,11.0
577,18,6.1,71.2,34.6,3,1,12.57
578,32,3.8,69.3,68.9,2,1,11.52
579,27,6.9,95.8,47.2,3,1,15.38
580,34,3.1,88.1,64.3,4,1,9.44
581,22,1.1,75.3,63.6,4,0,11.16
582,21,7.9,99.4,90.1,6,0,15.73
583,27,6.6,73.3,65.7,7,1,19.21
584,34,7.9,52.9,67.9,4,0,11.95
585,27,1.4,63.1,56.1,10,0,13.68
586,34,8.5,71.8,91.7,6,1,17.09
587,22,6.6,57.8,80.5,9,0,15.49
588,19,6.1,97.4,48.6,6,1,17.12
589,23,6.6,88.3,84.9,3,0,12.7
590,19,8.8,63.4,58.1,1,1,13.64
591,30,6.3,79.5,83.9,10,0,16.34
592,28,6.2,86.1,83.5,10,0,17.17
593,28,9.9,97.1,42.3,5,1,17.97
594,33,7.8,94.1,75.6,10,1,23.78
595,28,5.0,75.8,48.9,10,1,21.71
596,32,7.4,88.7,49.3,3,0,10.57
597,33,4.5,78.1,49.3,8,0,13.39
598,28,3.1,77.6,77.2,10,1,18.53
599,33,6.4,55.7,44.9,1,0,5.63
600,25,9.4,56.3,30.1,2,0,5.69
601,21,9.4,76.5,76.5,3,1,9.41
602,25,4.1,63.4,41.1,3,0,5.7
603,21,5.7,51.1,36.8,8,0,10.85
604,20,2.9,86.1,45.4,5,0,8.97
605,20,10.0,51.6,54.7,8,1,18.63
606,22,9.8,79.8,60.9,6,0,11.08
607,27,6.8,77.0,32.9,2,1,10.29
608,23,8.2,98.4,93.1,4,0,8.63
609,18,7.4,74.2,76.5,9,1,20.64
610,22,6.3,53.2,51.0,4,0,7.15
611,26,1.5,77.6,50.7,5,0,7.81
612,29,5.1,92.1,59.2,5,1,16.73
613,31,7.1,99.8,70.7,10,1,19.6
614,19,7.1,71.5,39.5,8,1,17.55
615,34,4.4,66.0,42.3,6,1,11.56
616,31,9.5,95.3,85.9,10,0,17.49
617,30,2.5,59.6,46.7,7,0,9.13
618,26,5.5,80.8,54.7,6,0,10.8
619,32,7.2,70.3,86.6,5,1,19.75
620,32,7.3,52.1,73.1,5,0,7.76
621,28,6.8,67.4,52.2,3,1,15.94
622,33,3.5,63.3,74.4,7,0,10.26
623,34,2.4,84.3,31.3,10,1,18.48
624,21,6.7,97.4,77.8,5,0,14.62
625,18,6.4,63.4,61.7,7,0,13.05
626,25,2.6,90.6,82.9,2,1,10.88
627,34,7.3,52.8,92.1,9,1,19.91
628,20,5.1,76.9,90.2,8,1,23.91
629,32,7.0,53.5,89.1,5,1,15.95
630,32,8.5,96.7,63.3,2,1,14.8
631,31,2.5,88.3,53.4,6,1,14.49
632,31,1.2,82.9,60.2,8,1,17.07
633,19,8.0,91.2,74.8,7,1,18.93
634,30,6.5,82.4,87.5,8,0,15.44
635,31,7.3,98.4,43.5,4,0,9.57
636,24,8.5,85.7,89.7,3,1,14.5
637,20,8.2,96.2,83.0,7,1,24.48
638,32,9.6,75.9,93.6,2,0,10.76
639,31,5.8,55.9,87.2,5,0,17.88
640,28,5.4,76.4,48.2,7,1,16.84
641,32,4.6,56.3,36.9,1,0,6.68
642,30,2.4,79.6,37.3,4,1,11.39
643,23,6.2,74.1,48.9,2,1,11.04
644,20,3.5,81.1,69.9,6,0,11.03
645,32,9.3,50.5,82.3,1,1,11.5
646,22,6.2,59.7,88.5,7,1,15.64
647,27,6.3,74.6,70.5,3,1,17.74
648,24,4.2,97.5,30.4,1,0,7.89
649,34,1.5,69.2,42.1,8,0,13.95
650,24,1.3,71.2,36.5,7,1,15.75
651,29,4.8,85.7,53.6,2,0,6.85
652,34,1.8,80.2,62.6,7,0,8.51
653,30,6.5,64.9,32.8,3,0,6.69
654,21,8.9,70.5,52.7,9,0,14.36
655,27,8.9,60.9,41.6,8,0,14.82
656,20,6.9,98.3,72.1,5,0,12.17
657,26,2.9,56.5,60.2,7,1,20.53
658,30,8.8,68.6,62.2,3,1,13.59
659,32,9.0,51.3,57.8,1,0,8.66
660,21,2.8,61.1,92.1,1,1,10.38
661,32,7.6,89.0,44.0,2,0,9.18
662,19,3.6,60.1,63.6,8,1,15.77
663,32,8.2,54.0,77.8,1,0,7.86
664,25,10.0,73.7,66.2,5,0,10.78
665,25,1.3,50.5,90.4,9,1,17.06
666,34,9.1,54.2,54.6,9,0,15.5
667,29,6.6,90.4,60.1,2,1,11.81
668,27,9.8,88.6,35.8,7,0,12.4
669,26,5.2,95.8,69.6,1,0,9.44
670,22,8.6,92.7,48.7,3,1,16.28
671,23,1.6,84.2,40.4,6,1,17.4
672,19,4.0,52.6,65.4,9,0,14.21
673,30,1.6,89.1,64.6,10,0,13.5
674,23,9.8,92.3,34.9,2,0,7.43
675,22,8.4,90.0,75.4,7,1,18.07
676,18,8.7,75.4,70.5,4,0,9.89
677,23,9.4,61.6,42.3,2,0,8.34
678,23,1.8,92.3,60.5,3,1,13.6
679,33,4.5,86.4,76.8,6,0,14.01
680,21,1.6,99.0,64.4,10,0,15.92
681,28,2.9,57.8,55.7,9,0,14.94
682,26,3.1,61.3,51.0,8,1,13.92
683,20,5.2,60.6,69.7,10,0,17.88
684,25,3.4,89.6,91.0,9,0,14.03
685,22,1.9,59.3,73.7,4,1,13.31
686,21,2.5,53.3,34.9,4,0,6.78
687,23,2.3,99.9,59.9,9,0,13.72
688,19,9.8,51.2,87.9,8,0,16.13
689,28,7.8,91.8,36.1,2,1,10.24
690,21,9.7,68.3,94.3,8,1,18.75
691,32,5.0,92.1,91.7,1,0,10.9
692,23,3.5,77.7,35.1,9,0,12.16
693,34,8.2,95.1,90.7,9,0,16.12
694,23,3.9,96.3,53.6,8,0,10.7
695,19,3.7,50.5,84.9,5,1,13.75
696,32,3.1,53.8,57.2,5,0,10.61
697,28,2.2,62.5,58.7,3,0,6.63
698,25,3.3,83.5,71.2,5,1,17.78
699,30,4.2,94.4,80.3,4,0,13.25
700,29,7.1,73.0,32.2,1,1,10.2
701,22,1.6,80.3,68.6,9,0,12.25
702,23,2.9,59.4,42.1,10,1,10.71
703,21,8.3,90.2,52.5,4,0,8.45
704,18,2.3,98.4,52.6,3,1,10.59
705,34,4.1,63.4,60.5,6,0,7.89
706,29,8.8,74.7,51.7,1,1,12.57
707,32,2.4,54.3,37.0,5,0,8.7
708,18,1.7,78.0,39.5,7,1,17.78
709,31,5.4,75.1,32.2,2,0,6.95
710,23,3.7,57.2,60.6,10,1,13.3
711,22,6.1,72.1,92.0,9,1,18.35
712,28,8.2,66.7,37.5,6,1,16.51
713,21,2.2,76.1,91.5,2,1,12.7
714,30,6.2,79.3,77.7,8,0,15.93
715,28,5.5,50.4,71.4,8,0,11.83
716,20,2.3,88.1,71.9,1,1,14.02
717,18,6.6,85.7,83.7,1,0,9.7
718,23,3.5,68.3,36.9,1,0,6.11
719,27,5.4,52.6,62.8,4,0,9.57
720,22,1.7,87.7,75.3,4,0,8.49
721,27,5.1,97.8,68.1,8,1,18.62
722,29,3.8,62.0,84.1,1,1,12.21
723,19,8.4,66.2,34.7,10,1,15.6
724,30,1.5,59.2,74.9,3,0,8.46
725,25,4.8,78.8,64.7,1,1,14.32
726,19,5.1,57.7,54.6,9,1,17.72
727,18,7.5,67.8,52.1,10,1,21.73
728,22,6.2,84.9,70.4,9,1,20.26
729,26,7.0,78.0,87.9,7,1,16.9
730,34,8.0,69.3,62.3,8,0,15.18
731,26,8.8,71.0,83.6,1,0,7.03
732,28,3.8,78.1,56.1,5,0,9.68
733,32,5.8,50.3,36.7,2,1,9.72
734,23,8.6,53.9,34.0,1,1,9.28
735,20,9.9,94.1,33.3,3,1,19.49
736,34,9.0,53.9,54.7,7,1,16.48
737,22,4.3,85.3,51.9,1,1,15.0
738,29,2.8,96.0,76.7,2,1,14.04
739,31,5.4,63.5,78.3,2,1,11.21
740,28,7.7,68.5,33.3,4,0,8.03
741,26,5.4,78.4,44.4,3,0,8.25
742,19,5.3,94.1,47.8,3,0,8.25
743,29,8.5,97.1,65.6,10,0,15.77
744,20,4.3,87.0,39.4,5,1,15.19
745,20,8.7,54.3,38.7,3,0,8.87
746,18,4.7,83.5,91.3,7,1,19.6
747,25,4.0,70.5,82.3,5,0,14.28
748,25,5.1,73.5,41.7,4,0,7.82
749,28,7.9,52.5,56.4,3,1,15.23
750,26,2.1,59.6,53.1,4,1,14.46
751,22,2.8,89.5,81.4,2,0,11.64
752,31,9.6,72.7,63.2,1,1,9.92
753,20,2.6,65.1,38.3,3,0,10.51
754,22,6.1,69.2,78.0,2,1,12.13
755,22,6.2,92.7,55.8,1,1,9.02
756,31,5.4,87.4,47.1,1,0,10.67
757,21,6.8,63.6,54.4,2,1,13.25
758,30,3.1,55.9,62.4,9,1,17.46
759,27,6.0,62.6,52.3,5,1,13.48
760,25,4.3,96.0,45.7,9,1,18.37
761,25,7.0,79.1,55.9,8,0,13.04
762,24,2.3,76.7,31.2,6,1,11.87
763,25,6.1,79.8,80.2,1,1,13.29
764,31,2.7,68.3,41.1,10,1,16.78
765,23,3.5,90.4,32.9,5,0,6.59
766,18,3.0,76.2,72.5,1,1,11.55
767,32,2.6,55.8,80.3,7,1,11.87
768,18,8.4,56.5,82.9,10,1,24.17
769,34,3.6,76.8,62.1,8,0,12.5
770,18,9.3,96.8,43.3,8,0,11.65
771,32,9.7,65.4,77.9,7,0,14.91
772,19,6.1,93.5,75.5,2,0,8.21
773,31,2.3,88.2,46.0,5,1,13.57
774,25,4.4,62.4,88.7,4,1,15.43
775,25,8.2,51.8,36.8,5,1,11.68
776,24,4.3,55.1,93.9,10,1,23.07
777,23,1.8,86.4,85.9,9,0,18.63
778,23,6.0,60.0,74.7,4,0,9.18
779,20,8.6,68.6,91.0,8,1,17.57
780,24,8.2,75.1,77.0,8,1,18.22
781,25,2.6,86.3,42.4,2,1,10.12
782,27,7.1,55.7,58.7,6,0,13.4
783,32,3.0,70.3,34.6,5,1,11.42
784,32,3.0,74.3,55.3,2,0,5.02
785,18,8.9,77.0,78.2,10,1,21.52
786,24,3.2,90.9,55.1,4,1,10.8
787,21,3.4,58.6,51.5,7,1,16.6
788,23,1.0,90.4,68.7,1,0,8.4
789,18,8.8,84.6,86.7,9,1,20.09
790,22,8.1,77.8,33.1,10,0,13.03
791,18,6.6,85.0,55.1,1,0,8.25
792,21,7.8,70.6,40.3,5,1,12.46
793,19,2.4,56.9,75.2,7,0,10.09
794,27,5.1,83.3,36.9,8,1,16.0
795,22,4.2,76.2,73.2,2,0,5.96
796,27,1.8,82.0,48.6,4,1,11.54
797,18,5.4,66.9,42.9,2,1,9.1
798,23,9.3,95.3,90.9,4,0,15.78
799,30,1.4,79.4,31.2,6,1,12.08
800,32,3.6,54.3,58.5,6,1,11.99
801,21,2.9,72.5,31.4,2,1,11.3
802,30,3.1,87.8,61.4,4,1,12.64
803,32,9.2,89.7,62.6,4,1,14.29
804,25,5.2,74.7,50.9,1,0,8.66
805,22,5.2,94.7,38.6,2,0,7.02
806,32,7.8,63.4,54.5,3,0,10.66
807,21,2.4,70.5,73.7,5,1,14.14
808,29,5.4,94.9,80.9,8,1,19.61
809,30,4.9,94.8,64.5,6,1,17.85
810,19,6.4,84.3,68.3,3,1,13.32
811,21,10.0,92.9,43.0,6,1,15.97
812,21,7.9,54.4,48.7,7,0,14.05
813,28,4.6,93.2,40.5,6,0,11.93
814,22,8.4,66.0,46.2,10,1,18.84
815,28,2.5,58.9,44.6,6,0,11.01
816,27,1.3,62.0,63.8,1,1,10.69
817,25,2.8,70.9,66.6,3,0,10.44
818,23,4.1,62.6,91.4,7,0,10.79
819,23,5.6,66.0,42.7,4,1,12.75
820,25,6.5,56.7,71.7,4,0,12.37
821,32,9.2,64.8,83.1,7,1,22.03
822,31,5.6,78.6,66.4,9,0,13.21
823,28,5.5,72.1,46.6,2,1,12.05
824,29,1.5,67.3,47.1,9,1,15.56
825,30,1.3,87.3,32.6,3,1,8.43
826,25,6.0,94.7,49.9,6,1,15.85
827,18,4.9,87.8,78.4,4,0,7.82
828,32,8.6,66.6,33.1,1,0,6.27
829,25,2.4,87.2,44.3,9,0,10.55
830,28,1.2,57.6,75.9,6,1,14.29
831,29,5.0,56.5,80.9,8,1,16.65
832,29,3.1,67.3,59.6,2,0,6.72
833,21,1.4,90.4,75.4,7,1,19.56
834,33,7.5,62.3,55.2,6,0,11.45
835,21,2.0,53.2,40.4,2,0,9.47
836,22,6.5,56.6,55.9,2,1,12.72
837,22,3.5,92.9,67.7,4,0,11.88
838,25,2.6,81.7,91.6,4,0,9.14
839,27,4.4,62.7,34.5,3,1,9.63
840,34,8.2,77.8,63.0,8,1,18.75
841,26,4.5,76.4,51.4,7,0,14.01
842,31,7.8,82.8,63.0,2,1,13.28
843,25,2.1,61.7,31.6,3,1,7.04
844,26,8.0,93.2,50.3,10,0,16.11
845,28,3.1,65.5,83.3,9,1,18.01
846,18,7.1,84.7,66.0,5,0,10.51
847,31,6.1,50.8,59.3,2,0,6.87
848,22,9.4,68.6,48.6,3,0,7.5
849,31,4.5,67.6,49.4,8,1,17.9
850,21,1.6,77.2,54.9,4,0,8.71
851,18,1.2,53.6,84.3,2,0,8.2
852,25,8.4,89.5,92.9,2,0,9.84
853,32,5.7,60.9,58.5,6,0,13.65
854,32,8.0,83.9,55.6,8,1,19.02
855,26,3.1,90.2,85.0,7,0,9.05
856,26,4.1,78.1,57.7,4,1,14.55
857,27,1.3,87.0,65.9,2,1,11.24
858,26,9.7,83.1,45.0,9,1,19.16
859,20,7.0,67.8,78.3,4,0,12.89
860,28,9.4,90.4,64.6,9,0,15.67
861,23,3.4,64.7,82.6,5,0,14.35
862,19,6.5,78.6,80.7,7,1,18.38
863,24,7.1,87.3,44.0,5,0,9.66
864,19,3.9,68.9,76.5,2,1,8.8
865,34,8.6,65.1,82.0,6,0,11.57
866,28,9.5,73.0,52.5,7,0,12.15
867,29,9.0,90.9,41.2,6,0,14.77
868,24,7.7,96.5,30.2,3,0,7.81
869,23,3.5,77.3,59.3,10,1,21.51
870,18,3.5,83.1,52.9,8,0,10.12
871,34,9.7,95.2,66.1,3,1,14.8
872,28,1.1,54.9,42.2,5,1,13.55
873,34,7.4,61.6,85.9,9,1,18.34
874,24,7.4,85.4,46.8,5,0,12.95
875,34,6.6,91.2,44.7,7,1,15.38
876,26,9.9,92.9,61.2,7,0,12.47
877,34,3.8,70.8,62.4,5,1,15.46
878,25,4.1,54.5,44.0,2,0,4.84
879,34,1.7,71.9,47.7,5,0,8.42
880,24,5.0,61.5,41.0,7,1,15.51
881,18,3.3,64.6,76.7,7,1,15.48
882,30,4.1,88.6,80.1,4,0,9.76
883,34,8.5,53.8,60.1,1,0,5.13
884,30,9.4,91.4,76.4,6,1,21.85
885,33,2.7,71.4,77.8,3,0,12.38
886,25,4.4,79.8,39.0,5,0,10.1
887,18,9.4,54.5,92.8,4,1,15.86
888,31,1.6,66.9,83.4,2,1,11.4
889,32,1.8,54.5,43.3,7,1,14.87
890,19,2.5,98.1,42.1,5,1,16.07
891,34,6.4,90.4,38.2,7,0,10.74
892,23,2.4,73.0,39.0,9,1,17.91
893,21,9.7,61.2,78.6,4,0,12.62
894,18,5.0,96.7,60.5,5,0,13.29
895,25,5.5,67.2,80.9,9,1,15.6
896,24,3.2,58.0,78.5,10,0,13.63
897,20,5.2,78.2,69.3,4,1,14.31
898,27,7.0,97.2,74.6,5,0,11.46
899,27,7.8,50.2,31.2,5,0,12.85
900,31,7.8,61.9,50.3,8,1,16.31
901,19,6.2,96.9,71.5,4,0,12.17
902,18,9.1,58.6,30.6,4,0,9.07
903,24,8.4,55.7,32.1,7,0,10.4
904,25,7.8,78.5,85.4,5,0,11.16
905,18,1.5,93.1,74.5,6,0,15.8
906,20,1.1,73.9,47.2,6,1,12.85
907,25,2.9,99.7,74.7,6,0,14.0
908,32,7.0,84.0,81.5,10,1,21.06
909,22,4.7,53.7,49.9,5,0,8.36
910,20,4.6,99.6,32.3,5,0,9.97
911,18,9.0,70.4,90.6,9,0,16.71
912,32,9.1,64.4,52.4,8,0,12.29
913,25,9.2,77.9,36.9,4,0,8.15
914,19,3.8,65.2,62.0,7,0,12.56
915,20,7.2,54.3,80.0,8,0,14.06
916,31,3.4,50.1,44.4,9,0,10.47
917,31,2.7,72.5,47.5,5,1,11.2
918,28,2.7,91.8,45.8,3,1,13.06
919,33,4.1,78.6,94.5,4,0,7.47
920,21,4.9,100.0,42.8,10,1,18.58
921,22,8.5,64.3,67.4,6,1,17.06
922,31,2.1,64.0,90.1,10,0,18.43
923,33,7.6,58.0,39.5,5,1,13.94
924,24,5.8,58.2,93.1,9,1,18.48
925,27,3.6,64.3,91.6,3,0,10.38
926,24,5.4,89.6,87.5,2,1,13.18
927,18,3.7,95.3,43.9,6,1,14.8
928,33,6.4,98.8,71.2,7,0,13.78
929,21,4.9,61.6,79.5,5,0,12.31
930,19,2.5,94.1,94.1,1,1,11.86
931,18,2.0,66.4,41.7,3,1,10.59
932,32,5.9,55.6,79.8,3,0,5.95
933,22,9.1,93.5,52.0,4,0,11.91
934,28,4.1,81.8,41.4,10,1,17.34
935,27,7.6,58.2,57.4,6,0,15.08
936,19,6.9,71.5,81.6,5,1,17.12
937,20,9.4,64.4,60.2,1,0,6.36
938,29,8.4,86.8,64.9,6,0,10.56
939,22,6.1,72.7,94.7,9,0,16.96
940,22,6.9,99.5,55.9,1,0,11.9
941,23,9.1,52.7,70.0,8,0,16.74
942,26,4.6,67.8,53.7,8,1,13.89
943,19,3.9,74.1,55.5,3,1,12.85
944,29,1.1,75.2,75.2,9,0,15.75
945,20,8.4,65.8,91.0,8,1,16.92
946,29,8.2,86.5,65.3,3,0,12.38
947,34,1.9,93.7,79.9,10,0,13.88
948,27,6.2,96.9,35.8,5,0,9.82
949,31,5.2,90.3,43.7,3,0,9.15
950,34,2.1,92.5,62.6,5,1,16.73
951,34,9.8,77.5,31.3,9,1,21.62
952,31,2.9,91.3,46.4,4,0,8.34
953,26,1.6,65.2,63.6,6,1,12.92
954,25,6.4,69.9,31.0,3,0,6.55
955,19,7.6,65.8,47.2,3,0,10.19
956,30,1.3,73.4,63.4,5,0,11.69
957,24,6.9,64.3,67.3,8,1,19.53
958,26,5.8,98.1,90.2,8,0,15.84
959,28,1.9,65.6,71.9,3,1,12.77
960,31,2.6,54.9,57.0,8,0,11.09
961,21,6.1,76.3,90.5,8,0,14.46
962,30,3.7,52.9,81.0,3,1,14.28
963,19,9.4,55.5,43.0,10,0,14.69
964,22,8.4,61.0,38.5,10,1,17.39
965,28,9.9,73.2,73.9,2,1,17.11
966,23,3.3,71.7,66.4,10,1,17.01
967,27,9.7,90.0,81.3,2,0,11.08
968,21,4.9,87.0,78.0,9,0,12.45
969,26,4.1,71.3,70.6,7,1,14.44
970,23,1.5,66.7,94.1,6,1,15.48
971,19,1.5,65.8,64.7,7,1,13.33
972,34,7.2,88.7,37.4,8,0,12.27
973,22,5.1,52.6,83.8,1,0,10.27
974,23,3.0,50.6,46.4,8,1,14.2
975,29,6.5,89.8,80.5,3,0,12.54
976,27,3.3,73.9,92.2,3,0,8.49
977,23,6.2,56.5,75.3,6,0,12.91
978,25,4.2,61.8,68.7,4,0,7.54
979,19,8.4,96.6,59.9,4,1,15.89
980,29,8.4,93.0,53.7,4,1,17.07
981,30,5.3,85.5,52.9,10,0,14.56
982,24,4.2,74.1,71.4,9,0,15.93
983,27,4.3,76.0,78.8,8,1,19.2
984,30,8.3,98.8,74.1,3,0,10.53
985,34,4.0,98.3,42.9,1,1,14.05
986,31,2.9,60.8,62.1,1,1,10.98
987,19,1.8,90.6,81.5,1,1,11.64
988,28,5.2,59.9,60.9,4,1,13.61
989,18,5.3,60.7,64.9,6,0,11.37
990,21,8.6,83.8,80.1,4,1,17.24
991,28,3.0,70.3,73.0,3,0,8.63
992,25,4.4,96.6,56.6,8,0,13.97
993,28,8.3,54.5,88.2,8,0,16.1
994,21,8.4,75.6,40.6,6,0,12.05
995,34,4.5,95.9,94.7,9,0,16.72
996,24,5.1,95.2,37.7,10,0,13.81
997,25,3.7,57.8,31.0,1,1,6.95
998,20,9.4,68.3,87.9,8,1,17.71
999,19,2.1,81.0,45.9,6,0,8.63
1000,32,9.4,58.0,77.4,1,1,12.49
1001,22,7.2,98.4,82.7,4,0,15.43
1002,18,5.8,95.7,85.8,5,1,19.9
1003,21,1.3,58.3,94.5,7,0,11.21
1004,32,5.3,56.1,49.1,8,1,16.68
1005,20,4.7,54.3,76.2,9,0,13.68
1006,28,2.5,95.5,37.5,6,1,14.92
1007,34,6.9,59.7,56.4,10,0,13.24
1008,30,9.7,70.8,85.1,9,0,20.49
1009,28,6.1,72.4,53.9,4,0,13.32
1010,19,7.4,80.0,68.4,8,0,13.48
1011,26,1.6,53.6,62.7,3,1,9.66
1012,19,4.8,61.3,72.0,4,1,15.64
1013,26,2.0,96.6,93.2,10,0,13.64
1014,26,6.5,95.4,33.6,4,1,15.94
1015,25,9.4,89.1,67.3,6,0,13.44
1016,34,7.0,51.0,86.1,9,1,15.99
1017,18,1.7,66.4,61.3,6,0,9.98
1018,28,4.2,81.4,35.1,1,1,8.99
1019,25,6.0,63.8,66.4,5,0,11.06
1020,27,4.6,95.5,51.6,9,1,18.51
1021,24,8.5,81.7,40.1,5,0,7.89
1022,20,8.3,53.6,85.2,6,1,16.39
1023,20,6.5,95.5,63.9,3,1,16.12
1024,22,4.4,97.9,90.7,8,0,16.47
1025,29,3.3,53.9,82.4,10,1,17.41
1026,29,2.0,76.6,75.0,4,1,14.5
1027,23,4.2,65.2,30.3,4,1,12.19
1028,19,4.7,69.6,57.8,5,1,14.14
1029,29,7.1,59.0,42.8,10,1,18.86
1030,22,6.9,78.9,89.2,9,1,18.51
1031,29,1.6,97.9,41.3,8,1,16.0
1032,34,4.6,75.2,48.6,7,0,8.23
1033,34,2.6,54.1,63.6,5,1,12.82
1034,27,2.4,81.0,47.1,9,1,19.42
1035,34,8.4,67.0,43.6,9,1,17.45
1036,32,1.4,92.8,68.9,10,0,17.23
1037,29,4.8,71.7,35.8,10,0,12.53
1038,33,2.5,59.6,33.8,2,1,7.1
1039,25,8.9,59.6,54.2,4,1,15.78
1040,34,6.0,88.4,76.8,8,0,15.32
1041,22,3.1,63.3,66.1,1,0,11.42
1042,33,5.5,88.4,57.5,5,0,8.94
1043,23,7.6,60.3,66.8,8,1,18.51
1044,25,9.6,66.1,53.8,2,0,9.46
1045,29,3.0,73.3,90.8,2,1,15.12
1046,32,9.0,97.2,33.6,8,1,19.6
1047,26,9.4,96.6,73.8,10,1,21.7
1048,30,9.2,60.3,87.9,9,0,13.56
1049,32,6.7,67.9,82.3,7,1,18.48
1050,27,6.7,57.5,42.0,8,1,16.8
1051,33,4.6,75.5,49.2,5,0,11.14
1052,24,7.8,73.0,76.6,1,0,8.19
1053,34,5.8,95.0,35.5,4,1,14.6
1054,24,7.1,96.5,82.8,2,1,12.32
1055,31,4.9,69.2,76.7,3,1,11.6
1056,32,7.6,74.6,77.4,3,0,12.28
1057,24,8.4,94.8,36.5,9,0,14.33
1058,26,2.3,90.3,76.7,10,0,16.07
1059,33,8.5,50.2,74.2,4,1,13.62
1060,25,5.9,66.0,84.0,2,1,12.01
1061,24,8.6,71.1,32.7,3,0,7.47
1062,20,4.9,61.5,31.5,3,0,7.52
1063,27,4.4,60.0,54.2,7,1,16.44
1064,24,9.2,51.9,39.7,8,1,16.16
1065,34,3.3,82.2,66.3,6,0,8.09
1066,31,8.6,63.1,89.6,4,1,17.08
1067,20,5.4,52.6,55.4,6,1,14.89
1068,29,5.6,61.5,84.9,1,0,9.25
1069,30,3.8,90.1,30.0,10,0,14.87
1070,19,6.2,92.6,41.0,8,0,14.33
1071,20,3.9,74.2,32.0,1,0,8.32
1072,22,1.4,70.8,51.3,5,1,12.72
1073,28,3.4,98.9,89.0,2,0,9.0
1074,25,1.1,60.0,36.3,6,0,10.77
1075,29,9.8,60.8,69.4,9,1,21.45
1076,24,9.7,64.6,59.3,5,0,10.86
1077,32,4.6,58.6,91.0,4,1,16.73
1078,34,7.6,69.0,38.0,2,0,7.62
1079,21,4.1,95.5,43.8,3,0,11.03
1080,30,7.0,80.8,31.9,6,1,18.69
1081,18,8.2,70.6,58.2,8,0,18.76
1082,33,9.5,96.7,48.1,8,1,19.56
1083,30,4.6,52.4,86.5,5,0,13.88
1084,27,8.0,60.5,69.3,5,1,17.4
1085,29,3.4,78.3,69.9,10,1,20.66
1086,19,9.9,80.8,64.6,3,0,11.38
1087,20,1.2,52.0,36.0,7,1,14.38
1088,27,6.4,70.2,58.9,6,0,8.7
1089,19,6.9,82.5,95.0,1,1,14.38
1090,30,7.2,84.9,84.3,4,0,10.46
1091,30,2.1,81.9,88.1,6,1,14.67
1092,20,9.4,66.0,83.5,6,0,10.43
1093,24,2.6,54.7,36.7,3,1,8.96
1094,31,6.6,71.4,44.8,6,1,14.9
1095,34,3.0,56.4,30.2,10,1,15.9
1096,29,3.8,97.4,49.7,6,0,11.13
1097,33,5.9,73.8,37.1,9,1,19.21
1098,29,4.8,65.9,60.7,9,0,11.62
1099,32,2.4,88.3,74.0,2,0,4.66
1100,27,2.5,74.9,86.8,4,0,11.47
1101,24,4.8,65.5,78.7,9,0,14.21
1102,22,7.8,90.6,91.0,4,1,17.27
1103,18,9.1,93.4,33.5,8,0,11.73
1104,34,1.8,83.7,30.8,10,1,18.26
1105,20,4.5,52.3,73.0,3,0,7.91
1106,30,1.9,78.3,48.8,3,0,5.9
1107,31,1.1,88.2,46.5,9,1,19.72
1108,21,7.0,56.8,51.5,10,0,15.41
1109,22,6.4,61.4,47.5,8,0,12.14
1110,33,2.5,94.1,63.2,1,0,2.53
1111,18,3.1,51.0,58.6,10,0,12.76
1112,31,1.2,87.6,63.3,2,1,11.58
1113,32,8.5,73.7,73.7,3,0,13.35
1114,26,9.8,72.3,55.2,2,0,5.48
1115,32,2.2,50.4,46.3,3,1,13.24
1116,34,3.1,91.0,40.8,8,1,17.1
1117,21,8.8,68.0,52.7,6,0,9.26
1118,29,9.3,77.0,78.2,7,1,20.92
1119,22,4.8,83.9,79.2,10,0,15.19
1120,22,1.5,85.1,73.3,10,0,11.27
1121,28,1.4,97.8,45.2,6,0,9.46
1122,23,6.2,76.6,68.2,1,1,13.03
1123,24,4.5,70.0,67.1,3,0,9.1
1124,31,1.3,97.7,61.5,1,1,12.57
1125,28,6.2,82.1,65.7,10,0,17.49
1126,30,1.1,64.9,62.0,9,0,10.32
1127,19,8.1,56.3,66.8,9,1,18.55
1128,24,3.8,92.1,76.5,5,0,10.32
1129,21,1.4,68.1,37.1,4,0,4.95
1130,25,6.3,83.0,78.7,9,0,15.1
1131,30,4.6,73.5,38.8,9,0,13.36
1132,31,9.8,59.9,34.3,3,0,9.34
1133,27,5.9,80.1,93.4,5,0,11.76
1134,28,3.5,53.0,92.2,3,0,7.46
1135,19,7.4,70.7,33.9,10,0,12.38
1136,26,3.4,77.3,58.8,2,1,8.01
1137,34,9.1,71.8,42.1,1,0,4.96
1138,20,4.4,87.4,61.5,10,0,12.59
1139,23,5.9,91.4,84.0,2,1,16.42
1140,22,1.5,88.6,91.8,8,1,19.71
1141,22,4.8,51.9,71.2,8,0,16.98
1142,32,8.5,59.7,53.0,3,0,9.45
1143,34,8.3,76.8,69.2,7,1,17.25
1144,26,3.0,96.7,50.3,7,0,11.79
1145,20,3.0,91.7,89.1,2,1,13.5
1146,34,8.4,92.1,86.6,9,1,20.23
1147,27,9.4,65.2,66.3,3,1,15.37
1148,20,1.9,71.5,51.1,2,0,7.16
1149,34,5.1,73.5,49.1,3,1,12.4
1150,20,4.0,57.9,32.2,2,1,9.12
1151,20,8.8,51.6,83.0,8,1,19.91
1152,23,1.8,97.3,59.3,5,0,9.23
1153,30,2.9,62.0,51.1,3,1,10.41
1154,32,7.8,62.0,60.6,5,1,16.2
1155,26,1.5,54.2,83.2,8,1,17.89
1156,21,5.4,96.4,38.1,7,1,18.33
1157,31,5.0,79.0,85.7,6,0,12.19
1158,22,4.0,83.4,88.3,1,1,10.46
1159,19,4.6,95.6,91.5,10,0,16.01
1160,28,5.8,67.3,55.8,1,1,11.42
1161,26,2.5,81.1,44.1,1,0,3.83
1162,20,6.1,51.9,54.3,10,0,13.18
1163,26,8.2,59.3,51.6,8,1,19.64
1164,20,7.8,91.6,41.5,8,0,13.47
1165,19,2.4,88.3,69.5,7,1,15.37
1166,29,2.3,67.5,61.0,6,1,14.2
1167,27,3.4,68.8,86.3,4,0,10.6
1168,26,4.2,76.7,32.1,1,0,5.01
1169,32,4.7,50.0,71.9,9,1,18.72
1170,25,7.1,62.1,79.6,1,0,4.76
1171,22,1.5,60.4,79.4,4,1,13.73
1172,28,1.3,62.5,87.6,3,1,11.28
1173,19,4.5,90.3,77.4,7,1,19.88
1174,32,7.3,64.0,90.3,5,1,14.09
1175,23,2.7,59.6,51.6,5,1,14.52
1176,25,6.8,75.2,62.7,4,1,13.24
1177,22,3.3,93.3,30.9,1,1,10.97
1178,33,9.0,62.1,30.5,5,1,13.3
1179,23,9.1,53.9,45.6,4,0,11.63
1180,22,3.7,67.8,36.6,10,0,12.41
1181,33,3.1,87.4,46.9,8,1,14.91
1182,30,4.7,77.5,41.5,2,1,14.23
1183,22,3.2,90.8,31.9,8,0,10.96
1184,30,7.1,98.0,89.1,1,0,11.01
1185,34,8.4,89.6,30.5,4,1,16.44
1186,25,7.1,80.2,77.8,3,0,8.71
1187,30,8.4,74.7,39.9,5,0,11.18
1188,20,4.6,52.0,89.3,5,0,12.29
1189,25,2.4,99.2,88.0,5,1,13.23
1190,19,7.6,69.2,72.5,4,0,11.45
1191,25,4.2,57.6,73.7,8,0,12.16
1192,30,7.0,83.3,30.3,3,0,11.4
1193,30,3.4,64.2,94.0,4,0,12.41
1194,18,1.7,79.3,87.1,1,1,12.68
1195,23,9.9,79.3,88.2,7,1,15.85
1196,33,2.4,72.3,72.9,1,0,8.1
1197,25,9.9,91.8,52.4,2,0,7.93
1198,18,9.8,63.2,88.1,7,1,20.83
1199,33,8.1,72.4,48.9,1,0,7.12
1200,26,6.9,76.9,66.6,3,1,13.3
1201,30,6.2,83.2,36.5,6,0,9.8
1202,28,8.8,89.2,89.9,6,0,13.43
1203,30,3.6,69.7,39.2,6,0,7.06
1204,27,5.2,82.3,44.6,2,1,9.59
1205,21,6.6,57.5,66.3,2,0,7.62
1206,23,4.7,96.6,79.7,6,0,15.97
1207,24,4.8,69.2,70.3,10,0,16.22
1208,22,4.0,86.5,45.1,5,0,11.46
1209,28,6.1,51.0,30.1,7,0,12.55
1210,30,8.7,60.3,79.2,7,0,14.11
1211,27,2.8,74.4,94.0,5,0,10.72
1212,27,9.4,93.9,82.6,8,1,20.16
1213,28,7.2,76.4,59.9,10,1,18.04
1214,24,8.4,96.5,88.7,6,0,15.85
1215,21,6.0,74.2,56.6,5,0,8.68
1216,19,8.0,74.5,64.1,4,1,19.51
1217,31,1.1,56.0,61.0,7,0,8.8
1218,30,8.4,90.1,59.1,4,0,13.4
1219,29,1.4,62.3,80.4,5,1,16.15
1220,24,9.0,95.0,64.2,5,1,18.81
1221,19,9.9,95.5,50.6,1,0,11.91
1222,30,3.6,97.2,46.8,1,0,6.56
1223,31,2.9,76.0,32.5,3,1,11.24
1224,34,7.9,83.9,67.9,3,0,10.74
1225,26,3.3,88.9,44.9,2,1,12.79
1226,34,8.8,56.6,39.6,2,0,3.84
1227,25,1.9,80.0,72.5,6,0,11.09
1228,19,2.1,51.7,74.3,1,1,11.66
1229,30,9.8,74.9,78.9,6,1,17.67
1230,20,7.1,57.7,62.7,5,1,18.78
1231,33,8.6,59.1,88.1,6,0,13.38
1232,23,3.9,68.3,90.9,5,1,16.55
1233,24,7.1,71.6,82.5,7,1,21.25
1234,27,6.3,81.2,71.3,1,1,13.2
1235,26,6.4,53.7,49.7,3,1,15.2
1236,19,7.1,75.2,93.9,6,0,14.69
1237,32,6.2,59.1,47.8,1,0,7.68
1238,22,4.9,78.7,43.2,7,1,13.88
1239,21,3.5,81.9,58.7,4,1,15.84
1240,21,7.9,77.8,33.7,3,0,7.18
1241,21,3.0,86.9,93.6,10,0,15.66
1242,34,7.2,66.8,68.2,9,1,21.35
1243,29,3.1,88.3,66.2,1,0,6.8
1244,34,6.6,71.6,72.6,8,1,18.95
1245,27,7.7,74.2,62.3,1,0,7.96
1246,18,3.0,82.4,32.1,5,1,12.89
1247,31,1.5,50.9,69.8,10,0,13.09
1248,32,2.2,82.7,76.6,8,0,11.19
1249,29,6.5,80.9,57.1,6,0,12.8
1250,21,8.6,65.5,79.2,7,1,19.54
1251,20,1.4,54.3,44.8,8,1,12.75
1252,29,7.6,54.5,44.4,6,1,13.9
1253,24,4.1,96.2,40.5,6,0,12.56
1254,28,5.3,84.5,54.2,6,1,15.33
1255,18,9.4,56.4,85.1,5,1,17.02
1256,23,4.0,67.8,83.8,8,1,15.82
1257,32,5.2,79.6,54.9,2,1,12.28
1258,32,1.1,91.8,68.3,7,0,10.29
1259,28,1.7,52.2,76.9,4,1,11.13
1260,19,3.3,61.8,45.7,1,1,7.97
1261,31,1.3,94.5,40.9,5,1,15.02
1262,19,6.7,50.5,93.2,3,1,11.61
1263,21,4.8,60.1,70.1,4,0,10.24
1264,34,5.9,98.0,93.8,7,1,19.1
1265,20,2.6,80.7,52.0,5,1,16.47
1266,30,3.7,63.1,75.7,4,0,11.36
1267,26,7.0,53.3,44.5,1,1,8.01
1268,24,9.7,51.4,47.0,6,0,10.0
1269,32,1.5,62.2,63.3,10,0,13.38
1270,28,9.0,94.1,50.8,6,1,16.52
1271,19,6.2,70.8,40.9,7,0,13.14
1272,32,6.1,86.0,47.1,1,0,7.6
1273,31,5.5,95.9,32.3,4,0,8.68
1274,28,1.6,70.4,75.8,9,0,15.46
1275,20,1.8,59.6,62.0,10,0,10.98
1276,34,6.4,75.9,36.1,6,0,9.95
1277,29,4.1,95.4,41.2,2,0,8.04
1278,32,9.3,90.2,36.7,4,0,9.78
1279,33,4.7,53.3,69.8,6,1,8.63
1280,22,2.3,84.6,36.1,4,1,12.83
1281,23,7.4,78.6,79.0,10,1,21.85
1282,22,3.6,95.4,31.3,7,1,13.35
1283,20,5.7,56.1,46.2,3,0,3.45
1284,18,7.3,76.7,87.9,6,1,16.59
1285,23,9.1,94.0,76.7,4,1,16.97
1286,32,8.1,70.5,34.7,3,0,8.05
1287,19,7.1,74.1,83.4,3,0,6.63
1288,20,7.1,53.5,62.0,2,0,8.49
1289,34,9.5,63.9,85.0,3,1,17.7
1290,29,3.7,66.2,69.0,10,0,16.27
1291,32,1.0,97.3,74.3,1,1,14.22
1292,29,3.4,64.1,94.6,3,0,7.48
1293,33,3.0,73.0,45.1,9,0,14.15
1294,25,7.0,83.6,70.6,4,1,13.84
1295,31,6.7,58.1,59.9,3,1,14.56
1296,34,6.3,74.3,32.6,8,0,10.36
1297,25,1.1,86.9,30.9,1,1,9.83
1298,32,7.6,93.3,37.7,5,0,13.65
1299,31,3.9,81.3,72.2,1,1,13.9
1300,24,7.0,83.5,66.9,7,1,16.08
1301,20,6.0,56.3,66.0,5,1,12.24
1302,29,4.1,97.3,32.1,2,0,8.7
1303,20,2.2,56.6,60.5,1,0,8.71
1304,31,1.8,88.7,90.1,7,1,18.12
1305,32,8.5,63.2,55.8,1,0,6.59
1306,31,9.3,96.7,70.6,3,1,16.57
1307,24,6.8,86.0,80.7,6,1,18.72
1308,34,1.9,87.7,81.0,6,0,11.78
1309,29,4.6,61.0,63.8,7,1,13.84
1310,21,7.6,72.2,85.8,1,0,11.28
1311,26,8.0,80.9,55.4,7,1,21.37
1312,23,2.1,88.5,87.8,2,1,16.11
1313,33,1.0,55.2,45.6,6,1,7.9
1314,19,7.4,98.1,48.2,8,0,15.91
1315,25,4.2,94.5,33.5,5,1,15.24
1316,28,3.3,63.5,81.7,10,1,17.27
1317,30,1.1,91.1,57.1,3,0,4.34
1318,34,5.9,75.9,44.9,8,0,12.17
1319,25,8.7,73.1,45.1,8,0,13.75
1320,31,9.6,65.7,88.6,4,1,14.54
1321,32,6.1,79.0,84.2,8,1,21.46
1322,23,5.6,86.5,66.0,5,1,18.28
1323,28,1.8,70.5,70.0,5,1,14.68
1324,30,5.9,81.5,60.8,3,0,6.61
1325,18,4.4,85.0,55.5,7,0,11.5
1326,23,6.5,85.6,89.5,9,0,17.32
1327,26,4.5,52.6,38.2,9,0,13.13
1328,25,3.2,93.0,57.2,1,1,10.19
1329,28,1.9,72.9,52.4,1,1,8.72
1330,26,3.8,63.1,62.4,10,1,16.35
1331,34,1.9,62.1,59.7,5,0,8.76
1332,29,2.6,74.2,63.7,1,1,9.76
1333,31,9.9,94.3,39.1,4,1,14.49
1334,32,5.0,68.9,63.4,1,0,7.01
1335,33,5.8,87.5,45.8,2,1,12.66
1336,18,8.9,54.8,42.0,2,0,9.74
1337,27,10.0,73.8,34.2,4,1,11.04
1338,25,6.2,99.6,79.6,8,1,22.28
1339,18,8.3,88.5,57.8,2,1,12.74
1340,19,3.9,60.5,70.7,9,0,17.25
1341,18,3.8,75.1,77.3,9,0,15.61
1342,18,4.6,61.7,74.2,2,0,9.41
1343,26,7.1,70.5,60.6,1,1,11.99
1344,30,7.1,89.0,55.2,10,1,24.18
1345,18,3.8,88.6,54.4,10,0,14.27
1346,30,2.2,61.4,71.6,9,1,19.75
1347,24,6.7,96.1,62.2,2,0,8.12
1348,19,2.2,79.6,85.2,8,0,15.03
1349,23,6.2,69.0,86.9,3,1,18.47
1350,24,7.2,75.1,41.1,1,1,9.79
1351,31,7.3,80.3,38.9,1,0,7.96
1352,32,7.8,78.0,71.0,10,0,14.43
1353,19,8.9,74.3,49.6,2,0,9.39
1354,27,5.5,75.2,31.2,7,0,14.58
1355,29,7.6,58.8,87.8,6,1,15.3
1356,34,6.6,90.6,44.7,2,1,13.32
1357,25,2.7,77.1,90.4,4,0,9.04
1358,28,1.2,56.6,76.6,2,0,7.17
1359,20,3.6,88.3,79.6,1,1,13.88
1360,23,5.0,96.6,43.1,3,1,12.79
1361,26,6.6,97.4,45.2,4,1,18.12
1362,23,8.6,68.5,63.9,10,0,16.37
1363,26,2.8,56.8,41.2,5,1,9.37
1364,24,2.1,75.9,49.9,5,0,9.94
1365,26,9.7,55.6,50.9,7,1,19.73
1366,29,2.0,96.7,40.4,10,1,18.74
1367,25,5.3,59.2,43.3,8,0,12.19
1368,25,6.3,62.6,81.3,9,0,14.12
1369,32,5.9,70.3,40.9,7,0,11.03
1370,24,1.8,69.2,31.8,5,0,8.14
1371,28,1.5,89.7,70.9,9,0,8.92
1372,33,1.9,72.8,93.4,8,1,18.4
1373,21,6.3,58.5,51.5,10,0,15.9
1374,23,5.9,63.4,37.7,9,1,15.12
1375,20,3.1,75.5,67.1,10,1,18.83
1376,26,6.7,57.4,88.9,8,1,19.1
1377,27,8.4,80.6,81.0,6,1,19.86
1378,31,1.4,78.3,70.5,4,0,9.45
1379,28,5.5,85.7,50.5,9,0,14.75
1380,29,7.2,96.9,65.2,9,0,12.84
1381,29,3.3,95.6,35.9,10,1,15.87
1382,30,3.8,97.3,74.1,10,0,16.44
1383,30,6.5,62.2,77.1,9,0,14.09
1384,31,9.1,56.6,92.7,10,0,13.45
1385,21,8.3,65.1,46.9,3,1,14.01
1386,30,6.2,94.8,31.2,3,0,5.8
1387,25,7.6,98.6,65.5,6,0,18.34
1388,29,4.3,93.0,75.9,6,0,8.11
1389,23,6.8,55.5,81.4,6,1,16.47
1390,22,5.2,97.4,42.6,5,1,12.85
1391,26,2.7,71.2,47.0,5,0,10.99
1392,20,7.3,50.5,63.3,2,1,11.4
1393,27,6.0,72.1,51.5,7,0,13.86
1394,20,4.2,52.3,85.9,4,0,11.65
1395,32,9.2,77.2,60.8,3,0,7.92
1396,18,1.2,66.9,82.0,8,1,14.87
1397,24,3.8,73.7,67.7,4,1,13.1
1398,29,1.5,80.7,80.3,4,0,9.88
1399,34,7.9,93.4,51.6,8,1,18.42
1400,22,7.3,83.1,84.0,1,0,10.77
1401,21,4.0,71.7,47.8,9,1,17.24
1402,29,7.1,91.0,65.5,7,1,17.04
1403,34,4.6,95.3,43.9,2,1,10.58
1404,26,7.8,56.0,60.9,6,1,14.13
1405,21,5.1,76.6,50.7,8,1,17.46
1406,19,4.7,64.2,47.3,5,1,13.07
1407,21,9.4,52.4,92.9,6,1,21.99
1408,19,3.3,83.4,40.4,10,0,13.35
1409,32,2.1,93.1,81.2,8,0,14.16
1410,19,6.3,58.1,94.0,6,0,9.22
1411,21,9.7,90.6,31.3,9,1,16.5
1412,23,4.4,92.7,75.4,9,0,12.61
1413,24,1.6,95.7,46.4,9,1,15.88
1414,27,4.1,63.3,32.6,6,0,6.39
1415,29,5.6,95.2,56.2,9,1,16.7
1416,20,2.5,66.0,90.8,3,0,10.87
1417,30,6.9,77.6,30.8,5,1,12.46
1418,25,10.0,52.5,68.2,2,0,9.0
1419,32,5.1,52.2,62.6,8,1,17.36
1420,18,4.2,86.0,86.8,4,0,13.06
1421,20,4.6,72.2,35.5,6,0,10.48
1422,25,2.0,62.8,74.3,6,1,15.16
1423,21,8.9,59.5,74.2,5,0,13.67
1424,33,4.7,83.5,73.5,1,0,8.98
1425,27,4.5,50.0,91.3,7,0,14.86
1426,29,6.9,90.3,83.5,10,1,17.16
1427,31,5.0,54.0,32.7,8,0,10.74
1428,31,6.8,59.6,60.6,1,1,11.64
1429,19,1.6,69.3,55.9,10,0,13.04
1430,22,8.3,74.2,50.2,7,0,12.66
1431,22,9.5,67.7,59.3,4,1,14.53
1432,23,6.8,66.0,55.0,6,0,12.81
1433,30,9.6,98.2,58.1,9,1,19.78
1434,26,2.4,82.1,93.7,5,0,11.31
1435,32,5.3,51.2,35.8,8,0,13.94
1436,31,6.4,71.5,89.9,5,1,19.24
1437,24,6.2,93.8,61.2,2,1,14.15
1438,19,4.6,65.1,70.5,4,1,12.55
1439,24,4.0,54.7,84.0,2,1,8.87
1440,23,2.1,87.9,53.4,7,0,11.17
1441,34,4.5,80.3,58.0,7,0,13.05
1442,19,2.5,78.5,56.6,3,0,6.77
1443,20,7.6,52.7,54.4,7,1,16.01
1444,22,2.9,57.0,90.2,1,1,10.62
1445,22,1.5,81.1,83.9,1,0,4.36
1446,18,6.0,60.4,37.1,9,0,12.6
1447,25,6.4,75.2,37.0,6,0,11.38
1448,29,8.8,77.2,57.8,5,1,16.59
1449,21,6.2,64.2,36.4,6,1,17.53
1450,30,4.1,97.4,70.2,6,0,11.61
1451,32,8.2,92.1,39.3,1,0,6.78
1452,28,5.9,86.1,64.0,5,0,15.59
1453,27,1.7,53.9,30.5,9,1,11.6
1454,20,6.1,55.3,50.6,4,1,11.7
1455,31,9.2,74.6,74.0,3,0,11.36
1456,33,4.6,58.0,61.5,1,1,12.87
1457,27,3.7,98.9,93.6,2,1,16.57
1458,27,2.3,57.9,86.8,3,0,6.97
1459,29,2.4,74.4,53.3,4,1,15.8
1460,26,4.9,68.2,33.0,7,0,11.45
1461,18,6.4,82.0,85.0,6,1,16.07
1462,22,1.7,56.5,89.2,8,0,11.51
1463,25,9.5,71.5,83.3,9,0,16.03
1464,28,7.8,63.7,38.3,6,1,19.32
1465,29,6.3,94.4,94.9,7,1,20.01
1466,18,8.5,52.0,46.8,4,0,13.51
1467,28,1.7,95.7,77.1,2,1,14.68
1468,22,5.3,91.6,89.0,9,0,13.2
1469,32,6.7,64.9,45.3,9,0,15.9
1470,22,8.5,89.5,89.0,4,1,15.64
1471,29,8.1,51.6,50.1,3,0,7.25
1472,22,3.5,98.3,93.5,10,0,17.05
1473,34,9.5,76.3,48.3,6,1,16.77
1474,34,2.1,65.2,92.0,3,0,11.27
1475,29,8.9,68.1,33.5,1,1,12.44
1476,32,9.7,53.3,76.1,4,0,10.79
1477,32,2.6,99.5,64.6,1,1,15.44
1478,23,7.5,52.0,61.1,2,0,7.14
1479,29,1.4,82.7,44.5,3,0,5.46
1480,31,4.6,72.1,75.9,8,1,18.57
1481,19,5.6,97.4,42.4,10,1,19.19
1482,26,6.2,62.3,65.9,4,1,14.58
1483,22,9.4,76.6,46.5,4,0,11.65
1484,18,7.1,74.1,92.1,10,1,20.78
1485,20,5.3,85.1,31.9,9,0,16.39
1486,23,8.3,53.4,43.0,7,1,16.27
1487,22,9.6,59.7,45.8,2,1,11.81
1488,22,1.2,60.7,56.9,3,0,8.55
1489,18,9.8,86.9,45.1,4,1,15.55
1490,34,1.8,59.5,61.9,4,0,8.76
1491,31,8.3,78.7,86.7,10,1,19.38
1492,29,3.5,60.8,76.3,8,1,14.67
1493,27,2.2,93.1,67.7,10,0,16.85
1494,28,5.0,97.1,35.8,10,1,16.18
1495,19,6.8,75.9,75.1,6,0,12.29
1496,24,4.4,67.6,40.8,3,1,12.23
1497,32,1.5,61.7,81.1,9,0,16.31
1498,28,6.4,52.5,46.3,10,1,16.54
1499,29,9.1,63.4,57.1,8,0,14.95
1500,23,4.4,82.7,52.8,9,0,13.18
1501,30,2.9,76.7,85.8,5,1,10.92
1502,33,5.0,97.2,38.2,3,0,8.57
1503,27,1.4,69.8,66.8,4,0,8.85
1504,25,8.4,84.7,39.2,5,1,16.41
1505,18,8.4,74.5,75.8,9,1,18.79
1506,25,6.3,75.6,88.8,9,1,18.87
1507,23,4.2,63.4,58.2,3,0,10.66
1508,22,8.2,72.7,61.7,7,1,16.93
1509,32,6.0,73.5,90.3,6,0,9.19
1510,32,8.4,85.3,63.9,4,1,17.0
1511,19,6.7,97.0,61.7,5,1,18.34
1512,18,8.1,66.5,67.6,10,1,21.65
1513,28,6.4,52.1,74.8,2,0,7.27
1514,27,4.7,74.8,36.9,7,1,15.07
1515,34,9.6,77.2,83.4,4,1,18.13
1516,25,5.9,58.4,58.3,2,1,13.72
1517,32,6.4,88.0,34.7,6,0,11.78
1518,25,3.0,99.2,81.1,2,1,15.37
1519,34,6.6,97.3,54.5,10,1,18.77
1520,29,6.1,59.9,36.5,2,0,2.17
1521,25,2.7,93.8,71.2,7,0,14.76
1522,31,1.5,85.2,87.2,1,0,6.2
1523,21,6.4,72.7,87.7,7,0,13.42
1524,18,7.9,77.0,92.2,10,0,18.51
1525,18,5.7,92.5,86.4,5,0,12.57
1526,33,3.0,74.0,30.1,1,1,10.61
1527,31,7.0,68.7,54.7,6,1,20.68
1528,33,1.7,74.7,83.2,7,0,13.53
1529,22,5.0,79.0,53.8,1,1,9.98
1530,26,2.5,59.5,69.1,9,1,13.74
1531,19,2.7,95.0,69.4,7,0,13.95
1532,23,2.8,83.7,53.7,1,0,6.86
1533,26,4.5,81.7,88.8,3,1,11.97
1534,18,1.5,55.0,62.7,5,1,14.84
1535,26,4.6,80.2,60.2,4,1,15.51
1536,33,5.6,56.0,94.8,2,1,13.36
1537,30,5.3,53.9,62.1,1,0,11.22
1538,26,4.4,76.4,41.6,4,1,14.91
1539,30,8.6,70.1,63.3,7,0,11.04
1540,26,2.3,79.4,82.9,4,0,12.65
1541,28,5.6,54.5,80.5,9,0,14.77
1542,21,1.6,71.5,81.3,8,0,16.8
1543,19,1.6,58.7,76.0,8,1,17.66
1544,23,6.2,99.4,46.5,5,1,16.74
1545,31,6.1,78.1,86.0,1,1,14.3
1546,21,8.9,84.4,88.1,9,0,13.99
1547,23,6.0,66.3,42.6,2,1,10.42
1548,23,9.6,54.7,38.5,6,1,15.72
1549,19,1.4,98.8,93.4,10,0,13.24
1550,30,1.9,64.3,86.4,5,1,15.23
1551,26,1.4,71.2,88.1,10,1,17.04
1552,30,2.7,82.5,87.6,8,0,13.14
1553,28,5.9,51.2,65.2,3,1,14.0
1554,18,6.8,90.5,72.0,6,1,16.53
1555,24,1.4,76.8,65.4,6,1,15.41
1556,32,9.5,63.9,33.3,10,1,18.95
1557,18,8.6,53.1,78.5,3,0,7.95
1558,29,3.7,58.1,62.8,7,1,16.89
1559,24,1.7,94.8,72.1,4,1,16.09
1560,32,2.5,84.3,62.7,5,0,12.26
1561,18,2.1,62.5,62.0,9,0,16.52
1562,34,2.1,53.3,41.2,6,1,11.54
1563,34,5.7,84.5,48.1,10,0,10.47
1564,20,3.2,78.6,40.3,4,1,11.11
1565,29,4.2,70.2,42.7,8,1,17.64
1566,23,9.9,68.2,93.2,9,0,16.22
1567,28,7.2,60.8,40.0,10,0,10.81
1568,20,9.5,83.5,47.5,5,0,7.89
1569,25,2.3,98.5,68.4,2,1,15.71
1570,31,4.4,58.8,69.7,6,1,16.2
1571,31,6.0,79.9,40.0,8,1,15.8
1572,27,1.7,71.2,81.6,5,0,14.41
1573,19,1.0,72.3,81.0,1,1,16.16
1574,31,7.0,62.7,45.4,8,1,18.67
1575,26,6.8,91.3,48.8,9,0,15.59
1576,20,4.7,74.3,91.0,1,1,14.0
1577,25,5.4,77.2,83.7,8,0,15.96
1578,33,4.7,65.2,75.4,10,1,22.83
1579,19,1.2,59.1,35.3,2,0,3.49
1580,23,4.0,54.3,57.2,4,0,8.01
1581,29,2.6,85.7,66.4,2,1,12.15
1582,22,1.9,59.8,42.2,2,1,10.61
1583,19,9.6,84.5,59.1,10,0,19.02
1584,33,6.4,69.5,69.1,3,1,14.72
1585,22,7.6,70.8,51.3,8,1,18.8
1586,32,3.8,73.5,80.8,4,0,11.75
1587,29,4.5,68.4,84.6,7,1,17.1
1588,21,3.1,55.0,51.0,10,1,15.71
1589,32,1.9,65.5,84.5,3,1,12.81
1590,28,2.6,83.2,36.7,10,0,11.67
1591,33,8.2,83.3,84.5,3,1,14.8
1592,23,7.1,64.3,39.9,2,1,12.39
1593,31,5.9,73.0,35.4,6,1,13.62
1594,29,5.3,59.7,71.7,6,0,15.19
1595,28,9.3,60.5,60.7,1,1,12.87
1596,30,1.7,51.2,89.0,7,0,14.73
1597,28,3.5,94.8,53.6,4,1,11.53
1598,33,4.1,60.5,48.7,3,1,9.07
1599,32,8.0,61.4,62.5,8,0,13.14
1600,32,9.9,64.0,59.6,2,0,10.85
1601,21,3.2,56.4,52.4,9,1,14.94
1602,28,8.9,82.0,75.1,8,1,19.61
1603,32,8.5,53.8,79.4,8,0,16.11
1604,21,3.0,56.7,85.4,3,1,11.93
1605,30,4.6,82.2,93.2,4,1,14.29
1606,19,4.7,67.0,47.3,2,1,12.61
1607,31,9.8,85.4,76.5,2,1,13.01
1608,21,2.6,77.9,55.6,4,0,8.22
1609,33,8.2,62.8,74.0,6,1,17.15
1610,31,4.0,82.5,60.9,5,0,11.58
1611,32,7.6,55.8,94.6,1,0,10.75
1612,20,4.8,76.8,77.4,10,0,17.33
1613,25,6.2,71.9,91.9,1,1,12.87
1614,33,8.5,63.4,84.3,6,1,19.5
1615,27,8.2,80.2,88.7,3,0,12.3
1616,21,8.8,93.6,82.9,3,1,18.19
1617,19,1.5,99.9,59.8,7,1,14.92
1618,34,7.2,80.4,46.4,1,1,13.35
1619,30,2.3,70.2,54.1,1,1,9.63
1620,21,4.7,61.3,31.3,10,0,12.67
1621,28,5.9,62.9,64.1,3,0,9.3
1622,24,4.6,74.0,62.8,8,1,21.31
1623,29,5.7,68.4,64.1,1,0,5.65
1624,27,10.0,95.7,93.3,10,0,20.41
1625,24,2.2,68.4,89.2,4,1,16.82
1626,30,7.1,68.7,40.5,9,1,19.15
1627,24,4.6,69.2,54.0,4,1,12.13
1628,34,2.2,91.8,57.6,10,0,17.58
1629,27,2.4,82.5,53.4,8,0,11.48
1630,27,9.5,80.7,81.9,7,1,20.9
1631,21,8.9,66.7,64.1,3,0,10.07
1632,21,9.2,90.9,67.2,7,0,13.25
1633,24,9.9,51.9,85.4,7,0,15.0
1634,18,2.9,93.5,82.4,10,1,23.71
1635,29,4.2,75.6,38.6,3,0,8.16
1636,30,7.0,69.9,76.4,2,0,13.22
1637,27,5.4,74.9,58.3,9,0,13.35
1638,32,4.8,83.4,49.2,1,0,7.12
1639,30,4.2,50.6,33.3,7,0,7.38
1640,26,6.3,93.6,61.7,4,1,14.37
1641,26,6.2,72.3,53.1,2,1,11.91
1642,32,2.5,67.1,46.3,2,0,5.89
1643,27,5.2,56.9,75.2,8,0,11.25
1644,27,6.0,72.0,80.0,7,0,11.74
1645,25,6.1,74.8,45.9,7,0,11.09
1646,33,2.9,70.2,33.2,5,0,10.86
1647,34,7.7,83.9,85.2,10,0,13.71
1648,22,1.2,71.0,30.6,8,0,6.2
1649,21,4.2,98.1,90.9,2,1,11.21
1650,21,8.0,80.0,70.8,2,0,7.85
1651,24,6.1,90.4,50.9,5,1,16.78
1652,27,3.4,55.5,46.0,1,0,4.9
1653,21,7.3,69.9,30.6,6,0,9.51
1654,27,6.1,66.8,45.3,4,1,12.46
1655,18,8.2,78.5,39.0,6,0,7.4
1656,22,7.6,93.1,69.8,7,0,15.51
1657,32,6.5,53.9,40.8,3,1,14.36
1658,34,5.4,53.6,64.4,8,1,15.79
1659,20,2.2,92.5,68.4,7,0,12.52
1660,29,3.4,60.6,49.4,1,0,6.18
1661,19,4.8,83.4,32.3,6,1,12.37
1662,18,6.4,77.1,32.4,7,1,14.75
1663,34,5.6,91.6,31.7,4,0,12.5
1664,33,3.6,56.3,78.0,2,0,8.08
1665,22,1.1,56.5,50.7,10,1,16.25
1666,32,5.5,77.8,81.8,9,0,13.61
1667,20,3.6,97.3,58.1,7,0,11.46
1668,24,7.6,70.7,59.4,1,1,13.64
1669,28,1.2,66.3,63.3,8,0,10.17
1670,27,6.3,80.3,76.3,3,1,17.99
1671,26,9.5,96.5,47.8,4,1,12.98
1672,31,2.6,91.8,37.9,5,1,12.26
1673,30,5.2,99.8,66.1,1,0,5.44
1674,19,1.8,51.1,51.3,6,0,12.0
1675,20,6.6,55.6,58.8,10,0,14.19
1676,24,6.0,80.5,72.1,6,0,11.75
1677,20,4.7,91.0,62.1,2,0,9.41
1678,27,5.7,64.3,70.3,10,0,17.67
1679,24,9.1,62.0,65.4,6,0,12.64
1680,26,2.8,89.3,78.1,8,0,15.97
1681,34,1.2,52.8,75.9,6,0,9.89
1682,28,8.8,68.5,64.7,4,1,13.46
1683,24,6.2,75.3,74.1,4,1,15.61
1684,31,9.0,78.0,86.8,9,0,14.74
1685,21,6.4,86.4,58.1,6,1,17.96
1686,23,8.3,67.7,56.8,8,1,17.13
1687,27,4.9,80.6,79.7,8,0,13.86
1688,24,7.7,79.3,67.9,7,0,8.82
1689,30,9.2,77.4,34.6,3,1,13.43
1690,31,6.1,82.0,88.0,10,0,15.9
1691,21,2.6,63.0,32.0,1,0,7.27
1692,25,3.4,54.2,78.6,5,1,15.74
1693,22,2.8,56.0,79.3,10,0,14.39
1694,18,3.2,61.2,92.0,10,1,15.68
1695,21,3.8,75.0,33.5,2,0,5.59
1696,20,6.0,92.0,68.8,10,0,18.03
1697,26,6.3,85.1,57.8,2,0,8.22
1698,25,4.8,89.5,51.5,7,1,14.44
1699,18,6.5,67.5,35.9,3,0,10.15
1700,23,1.7,70.2,66.6,8,0,9.01
1701,26,1.8,69.7,61.1,9,1,16.23
1702,24,2.5,59.6,36.8,8,0,11.77
1703,21,5.7,53.1,69.8,6,0,11.56
1704,30,2.9,79.5,78.0,5,0,8.53
1705,34,3.5,99.5,79.9,3,1,12.91
1706,19,4.6,58.3,88.8,3,0,8.34
1707,22,8.3,52.3,56.6,7,0,13.64
1708,29,1.1,89.0,91.9,5,0,11.88
1709,25,6.8,62.6,86.3,6,0,11.92
1710,23,7.0,91.5,49.3,6,1,17.46
1711,25,8.2,85.2,40.4,9,1,17.26
1712,20,9.4,97.3,58.3,1,0,10.46
1713,29,1.2,70.4,56.1,8,0,12.52
1714,20,2.4,83.1,67.4,10,0,14.01
1715,23,9.0,73.2,67.9,5,1,16.33
1716,19,5.1,81.5,78.7,6,0,11.77
1717,29,6.1,72.5,63.1,6,0,13.65
1718,19,7.0,59.4,36.8,1,1,10.84
1719,23,7.1,75.4,85.8,3,0,10.29
1720,34,9.4,76.4,50.1,6,1,14.94
1721,20,10.0,90.5,93.1,9,0,18.25
1722,19,7.5,86.8,37.7,6,0,12.25
1723,25,3.6,83.2,92.3,6,0,11.76
1724,29,8.9,55.7,35.9,1,0,5.65
1725,21,1.4,86.0,45.0,9,0,12.15
1726,22,3.1,75.0,33.0,4,0,5.57
1727,30,9.1,94.7,75.8,2,1,15.91
1728,32,3.3,96.0,85.3,1,0,5.48
1729,33,3.0,52.8,58.2,3,1,8.59
1730,27,2.2,91.0,90.4,3,1,13.33
1731,33,8.7,51.9,68.4,5,1,14.24
1732,29,5.5,68.4,71.0,1,1,12.87
1733,34,7.1,77.1,85.0,7,0,14.5
1734,33,3.2,57.4,49.3,1,0,8.54
1735,29,7.8,87.3,53.0,4,0,10.6
1736,25,7.8,50.4,88.9,6,0,13.12
1737,20,3.8,58.4,88.6,1,0,5.61
1738,33,4.7,79.0,93.5,7,0,11.5
1739,30,2.9,85.7,88.6,10,1,20.0
1740,25,9.8,95.8,38.3,7,1,18.39
1741,22,6.8,85.3,83.5,3,0,11.41
1742,25,9.4,83.6,56.6,4,0,13.43
1743,29,3.7,69.7,94.4,6,0,10.3
1744,18,8.0,50.1,60.7,7,0,15.52
1745,23,7.9,56.0,66.0,4,0,7.17
1746,25,7.2,76.7,64.4,10,1,20.68
1747,24,9.7,83.8,50.9,9,0,12.19
1748,18,4.5,70.9,34.9,9,0,13.65
1749,33,2.2,86.5,88.2,9,0,11.79
1750,29,7.0,76.1,82.2,10,1,15.25
1751,23,7.6,53.7,39.1,6,1,14.77
1752,19,6.2,59.6,80.5,2,1,12.84
1753,31,2.9,92.0,70.7,2,0,10.83
1754,21,5.5,86.2,56.6,4,0,10.15
1755,18,3.8,94.7,46.5,9,0,11.83
1756,30,4.8,55.9,85.9,3,0,8.49
1757,19,6.8,99.5,75.5,6,1,24.7
1758,26,7.7,60.5,65.6,2,0,6.87
1759,19,3.1,50.6,69.6,1,0,7.62
1760,26,4.6,99.9,35.9,5,1,15.43
1761,18,3.4,64.1,60.8,8,0,13.31
1762,28,2.8,83.4,42.6,10,1,18.35
1763,20,8.1,58.8,43.5,10,0,13.43
1764,21,9.2,79.0,73.0,2,0,6.4
1765,23,4.3,95.2,89.2,10,0,16.7
1766,20,7.8,66.0,56.2,9,1,18.4
1767,28,9.1,83.5,43.5,8,0,13.6
1768,32,8.6,59.4,72.2,3,0,11.07
1769,22,2.6,81.2,86.6,1,0,7.39
1770,27,9.6,66.8,78.6,4,1,15.07
1771,29,4.4,60.6,86.5,8,1,19.32
1772,32,4.1,65.7,64.9,3,0,7.98
1773,34,1.6,58.9,78.9,10,0,13.12
1774,27,5.4,95.1,39.1,2,1,11.31
1775,23,2.0,69.9,52.6,7,1,15.71
1776,30,3.2,62.3,55.3,4,1,11.94
1777,20,3.9,72.4,63.2,6,0,15.53
1778,27,8.3,66.0,90.4,5,0,12.69
1779,31,8.9,87.2,86.8,2,1,13.45
1780,23,3.7,98.6,38.7,10,1,17.47
1781,20,8.7,71.9,41.2,2,1,14.05
1782,33,8.7,93.1,53.2,9,0,13.63
1783,24,7.9,78.3,48.9,10,1,19.49
1784,31,2.3,57.9,70.0,2,1,12.87
1785,26,7.2,84.5,88.7,8,1,22.2
1786,32,9.5,75.7,92.5,8,0,14.62
1787,20,7.1,82.5,72.5,1,1,12.88
1788,19,4.0,94.5,84.5,1,1,13.54
1789,19,5.5,72.0,64.1,4,1,16.89
1790,20,6.8,95.1,43.5,2,1,11.05
1791,31,5.6,87.5,64.1,1,1,13.34
1792,27,2.1,74.4,66.1,9,1,17.18
1793,19,3.8,80.2,78.3,3,0,7.88
1794,18,8.2,66.3,44.3,1,1,14.08
1795,21,8.8,99.2,53.9,2,1,16.76
1796,31,2.2,83.4,53.7,8,0,15.21
1797,18,9.6,52.2,92.4,5,0,14.95
1798,31,4.0,66.3,58.9,7,0,11.55
1799,33,7.0,81.2,79.1,6,1,18.85
1800,31,7.8,52.8,78.8,1,0,8.94
1801,20,8.3,51.2,47.3,6,1,13.23
1802,20,9.5,72.5,67.2,7,1,15.78
1803,26,3.8,66.6,88.1,4,1,15.19
1804,23,8.7,71.9,60.9,8,0,13.97
1805,30,2.2,63.1,91.4,8,0,12.74
1806,19,7.3,58.2,43.9,7,0,11.18
1807,25,7.7,84.5,34.8,2,0,11.34
1808,19,7.1,75.7,87.9,6,1,13.46
1809,21,3.3,60.0,85.1,6,1,16.65
1810,32,8.9,66.0,94.5,7,0,16.22
1811,21,2.5,79.6,74.2,6,1,17.43
1812,30,1.5,53.6,90.9,2,0,5.37
1813,29,7.5,57.4,83.8,8,0,13.6
1814,30,5.3,53.7,84.9,4,1,13.56
1815,31,8.6,90.6,67.0,9,0,16.0
1816,23,4.5,87.6,54.9,8,1,15.07
1817,28,2.5,87.7,90.7,3,1,15.08
1818,19,8.5,85.8,58.1,3,1,13.23
1819,22,5.9,83.5,65.0,8,0,13.03
1820,19,2.7,73.8,59.0,2,0,10.13
1821,27,7.5,82.1,66.7,9,0,16.56
1822,19,5.6,51.9,60.6,4,1,13.31
1823,28,6.4,81.1,33.1,6,0,7.7
1824,32,5.1,88.9,87.3,3,0,11.37
1825,26,8.5,75.0,58.9,3,1,15.29
1826,26,8.5,67.9,68.3,3,1,10.41
1827,20,7.4,63.9,39.0,10,1,18.81
1828,26,1.9,82.1,30.2,2,1,7.82
1829,31,8.5,84.6,45.9,8,0,10.4
1830,24,7.0,93.5,75.8,9,0,13.3
1831,33,7.3,67.1,36.4,8,0,7.74
1832,33,4.3,88.5,89.1,10,0,15.37
1833,18,8.9,78.1,44.0,3,1,12.05
1834,21,7.5,94.1,43.3,7,0,14.74
1835,21,2.0,76.4,41.8,10,1,15.99
1836,24,4.7,75.9,30.9,2,0,5.16
1837,25,9.0,78.9,80.2,4,0,8.64
1838,34,1.4,87.5,86.9,6,1,15.22
1839,22,9.7,98.2,69.9,5,0,15.57
1840,24,7.1,53.7,42.2,9,1,19.93
1841,21,6.7,52.7,48.5,10,1,17.01
1842,23,3.4,96.9,60.9,4,1,14.31
1843,24,3.2,76.5,92.0,5,0,13.1
1844,22,9.5,80.7,46.1,4,1,13.29
1845,20,3.7,74.1,77.6,8,0,14.17
1846,24,8.0,54.7,58.6,8,1,22.0
1847,31,4.5,88.4,49.4,3,0,10.18
1848,24,2.3,87.4,59.6,1,0,8.44
1849,22,1.1,65.6,34.6,6,1,14.94
1850,22,5.9,65.3,81.9,2,0,10.94
1851,19,9.8,91.9,45.8,2,1,13.9
1852,23,4.3,53.6,77.2,3,0,6.58
1853,32,4.2,94.1,34.4,8,1,16.24
1854,27,4.1,62.8,92.1,3,1,11.85
1855,24,5.7,79.6,42.5,7,0,10.97
1856,22,5.0,96.8,87.4,10,1,19.47
1857,18,8.9,83.9,82.6,10,1,21.11
1858,30,5.5,70.7,92.9,9,1,16.61
1859,30,5.6,84.5,61.1,8,0,12.0
1860,22,2.2,67.2,77.3,1,1,11.72
1861,30,9.8,63.9,54.1,7,0,13.99
1862,21,3.2,99.8,42.0,7,0,12.38
1863,34,1.7,87.5,58.8,8,0,11.64
1864,20,7.0,82.2,40.8,10,1,19.2
1865,34,6.4,67.8,93.8,5,1,20.53
1866,28,4.7,52.5,36.3,10,0,11.12
1867,21,4.8,51.6,68.3,9,1,20.32
1868,19,8.1,77.7,70.7,9,1,16.97
1869,33,2.8,88.1,65.0,8,0,9.58
1870,25,8.4,76.9,73.0,6,1,17.36
1871,20,6.8,92.0,37.6,6,0,11.07
1872,26,4.8,51.7,66.1,1,0,4.59
1873,23,5.1,68.3,48.7,6,0,9.9
1874,27,3.3,61.9,91.1,4,1,14.98
1875,27,7.8,72.4,79.5,4,1,13.97
1876,30,5.6,53.6,93.2,2,0,11.3
1877,34,3.9,97.7,32.4,4,0,10.98
1878,26,6.4,61.2,48.5,5,0,12.35
1879,34,10.0,96.1,42.7,5,1,15.12
1880,26,4.9,71.3,30.7,5,1,11.5
1881,26,9.3,99.3,45.8,4,1,15.83
1882,18,4.1,77.7,74.1,1,1,11.49
1883,19,1.5,96.5,45.0,10,1,17.02
1884,33,2.8,50.3,63.1,8,1,16.7
1885,18,4.8,87.4,87.7,3,0,11.83
1886,27,3.0,95.2,75.1,2,1,11.57
1887,25,1.0,57.0,55.7,9,0,9.66
1888,28,9.2,54.8,54.2,7,0,9.78
1889,19,8.6,71.2,59.6,9,0,12.71
1890,25,7.7,96.7,41.5,2,1,15.28
1891,25,2.5,77.1,71.2,9,1,17.9
1892,34,2.1,76.4,53.7,10,1,19.2
1893,32,1.6,57.1,85.4,9,0,10.18
1894,34,7.5,50.0,79.2,9,1,19.21
1895,30,9.4,90.5,69.7,10,0,17.07
1896,22,4.9,54.4,53.7,10,1,19.77
1897,29,2.1,81.7,43.6,4,0,7.54
1898,18,5.6,95.7,80.4,10,1,20.09
1899,22,4.1,60.4,61.6,3,1,15.15
1900,25,4.4,83.3,44.6,6,1,14.61
1901,30,6.6,53.9,42.7,3,1,12.22
1902,25,7.5,80.2,40.8,9,1,19.2
1903,28,2.0,58.2,80.5,3,0,5.34
1904,18,1.3,86.8,44.9,2,1,10.79
1905,30,9.9,65.1,64.2,8,0,11.55
1906,20,3.1,73.2,59.4,6,0,10.57
1907,34,1.5,80.0,67.7,8,0,11.97
1908,22,2.7,58.6,87.0,7,1,14.95
1909,25,1.4,87.1,86.4,3,0,10.94
1910,31,4.5,65.1,59.3,8,0,12.64
1911,21,8.2,83.1,31.0,10,1,16.86
1912,28,4.1,57.9,57.7,1,1,8.03
1913,32,5.0,84.4,69.4,1,0,9.73
1914,24,7.1,56.4,66.3,10,1,18.9
1915,28,5.6,71.3,72.3,8,0,10.71
1916,22,8.8,62.4,40.0,9,1,17.01
1917,22,8.8,87.4,72.0,10,1,21.18
1918,25,1.1,63.1,41.9,6,1,10.02
1919,27,8.0,94.1,78.8,5,1,16.57
1920,23,5.1,94.6,52.0,2,0,10.15
1921,32,9.9,59.8,76.1,9,0,20.25
1922,33,5.3,80.7,33.1,6,1,15.22
1923,34,9.9,54.4,56.5,8,0,10.62
1924,25,7.8,69.6,75.8,9,1,19.15
1925,25,3.2,85.7,44.7,9,0,13.05
1926,26,5.8,83.0,81.7,8,0,16.0
1927,19,9.9,81.2,71.0,10,1,23.19
1928,32,8.7,64.1,68.2,8,0,16.64
1929,20,1.9,68.9,53.0,3,0,7.59
1930,34,7.4,55.1,61.4,3,0,9.01
1931,21,4.1,86.0,68.8,2,1,9.2
1932,21,1.1,75.2,60.7,1,0,4.34
1933,31,4.6,85.4,75.4,4,0,7.96
1934,26,3.1,62.4,58.2,2,0,5.48
1935,26,8.4,66.2,43.1,2,0,5.54
1936,27,4.0,66.7,43.9,5,0,7.03
1937,21,8.4,51.3,30.4,4,1,14.82
1938,29,1.0,67.1,49.6,1,1,5.19
1939,25,3.8,90.2,78.7,9,0,14.39
1940,19,3.2,94.9,81.6,4,1,17.03
1941,30,3.1,75.9,43.2,5,1,12.59
1942,33,1.6,72.8,92.3,7,0,15.45
1943,19,2.7,51.5,62.7,2,0,5.76
1944,28,6.0,94.0,89.6,8,1,23.48
1945,27,3.6,50.7,75.9,2,1,8.23
1946,32,4.8,97.2,77.0,10,0,18.62
1947,34,4.4,74.5,35.5,5,0,7.32
1948,25,8.9,67.1,44.3,2,0,10.94
1949,26,9.1,96.2,30.6,2,0,7.35
1950,25,5.4,51.2,76.5,4,1,15.95
1951,31,4.0,79.1,52.4,4,1,15.92
1952,29,2.0,77.4,81.1,8,1,15.97
1953,31,9.6,61.0,52.0,6,0,13.67
1954,34,1.5,71.4,83.3,10,0,14.63
1955,20,3.7,82.6,38.5,8,0,8.8
1956,24,3.7,86.4,41.3,7,1,16.48
1957,34,3.9,50.0,52.2,10,1,14.64
1958,29,2.5,96.8,56.6,4,0,8.25
1959,26,8.0,58.2,52.7,2,0,6.2
1960,32,2.1,61.7,79.6,9,1,17.86
1961,30,6.7,63.2,36.3,2,1,9.28
1962,25,2.1,51.9,52.8,1,0,3.07
1963,31,1.6,56.2,84.4,8,0,10.62
1964,25,9.2,99.3,34.3,10,0,13.57
1965,31,2.7,65.8,91.3,9,1,19.13
1966,24,8.4,55.8,94.1,1,1,15.47
1967,29,5.9,55.3,35.8,7,1,16.3
1968,28,1.7,86.0,48.9,2,1,10.96
1969,28,9.6,92.7,54.2,6,1,17.86
1970,30,3.2,62.8,80.5,5,0,10.34
1971,19,8.7,51.0,68.7,1,0,8.83
1972,32,2.5,61.2,71.9,2,0,9.9
1973,32,8.7,52.8,79.2,2,0,9.02
1974,29,1.1,55.2,37.7,10,1,16.15
1975,30,5.6,71.6,84.2,10,1,17.55
1976,28,7.9,61.5,75.9,6,1,18.54
1977,22,9.4,75.8,67.5,1,0,9.23
1978,18,9.2,62.7,87.8,4,0,9.71
1979,20,8.4,97.0,75.5,10,0,18.92
1980,24,9.0,95.3,43.1,5,1,14.04
1981,29,2.8,78.3,57.9,2,0,2.99
1982,32,3.6,67.7,62.1,2,0,9.33
1983,22,3.6,69.1,33.6,7,0,11.02
1984,32,4.4,70.6,92.1,7,1,15.07
1985,25,4.5,86.4,38.4,6,1,15.55
1986,27,5.9,72.6,75.3,1,1,14.89
1987,33,2.4,92.8,62.9,3,1,13.67
1988,25,7.2,97.2,31.7,9,1,23.4
1989,18,2.5,66.8,90.1,10,0,13.43
1990,29,3.8,78.0,85.4,1,0,3.89
1991,22,5.5,54.8,64.1,2,1,8.92
1992,20,8.2,60.0,44.9,8,1,12.34
1993,18,7.7,70.7,37.9,7,0,15.82
1994,21,6.8,60.3,53.6,9,0,13.38
1995,25,2.4,93.8,46.6,10,1,21.86
1996,20,5.9,57.9,62.9,4,0,8.85
1997,27,1.8,72.8,92.8,4,1,12.39
1998,19,4.4,80.3,67.4,7,0,9.02
1999,28,4.7,84.6,87.8,1,0,8.11
2000,27,1.4,69.2,72.3,10,0,15.73
2001,31,3.5,93.5,60.9,9,1,17.87
2002,24,9.6,78.4,85.5,2,1,12.44
2003,19,9.6,72.0,60.6,1,0,9.7
2004,26,4.2,53.4,86.5,7,1,17.95
2005,33,1.4,73.2,49.0,6,0,8.74
2006,30,2.6,91.0,38.4,3,0,6.39
2007,26,4.5,80.7,85.6,1,1,9.5
2008,21,9.5,91.6,68.2,5,0,13.79
2009,27,2.3,74.7,87.8,10,1,18.12
2010,29,7.9,55.9,91.0,4,1,10.35
2011,34,2.0,50.7,33.5,5,1,8.04
2012,31,9.8,65.2,62.6,1,1,14.23
2013,31,4.4,84.9,54.4,1,1,10.84
2014,19,8.0,89.5,70.7,5,0,9.95
2015,28,4.1,64.8,81.6,6,0,11.96
2016,33,6.6,74.8,48.2,5,0,8.62
2017,23,2.7,71.1,66.2,2,1,10.26
2018,22,2.3,70.5,76.1,9,0,13.16
2019,21,9.4,61.6,38.7,5,0,13.5
2020,32,9.3,56.8,82.9,5,1,20.07
2021,21,9.0,59.8,69.4,10,1,16.12
2022,27,6.6,52.8,91.7,9,1,18.94
2023,20,8.3,59.9,52.1,3,1,10.42
2024,22,1.6,50.5,37.0,5,0,5.64
2025,23,4.0,81.4,62.9,5,1,11.1
2026,25,3.8,65.8,35.6,2,0,4.57
2027,24,6.7,98.7,93.0,4,0,10.1
2028,27,4.2,59.7,32.5,2,1,11.94
2029,23,2.3,67.3,79.0,5,1,12.55
2030,31,6.4,67.9,64.1,10,1,15.27
2031,21,8.3,50.4,54.0,2,1,12.13
2032,30,4.4,92.0,34.3,10,1,17.72
2033,34,2.2,51.6,70.4,9,0,12.29
2034,24,2.8,97.0,68.0,10,1,20.59
2035,21,3.1,94.6,48.3,6,1,17.65
2036,31,3.7,76.8,89.2,8,1,17.62
2037,20,6.8,77.2,49.8,9,0,14.24
2038,22,6.4,82.7,59.2,8,0,12.94
2039,33,7.3,69.4,65.3,5,1,16.67
2040,21,4.3,82.4,36.5,5,0,6.43
2041,19,8.4,52.2,90.6,6,1,18.53
2042,34,2.8,52.7,54.3,1,0,6.36
2043,31,5.2,72.9,35.3,8,0,9.73
2044,30,8.2,77.5,55.2,2,1,17.93
2045,29,2.6,94.4,69.0,6,0,9.01
2046,23,2.0,55.2,63.4,9,1,16.59
2047,21,9.0,91.1,75.1,3,0,9.22
2048,33,4.1,60.5,33.6,2,0,7.28
2049,30,7.2,69.7,48.5,10,0,18.32
2050,21,1.2,65.8,83.2,5,1,15.48
2051,34,7.2,70.0,35.2,9,0,12.63
2052,18,3.8,57.5,85.6,6,1,17.33
2053,34,1.5,75.2,36.0,8,1,13.38
2054,32,6.5,90.1,84.2,8,1,20.69
2055,28,3.2,72.1,53.5,7,1,15.34
2056,30,4.5,74.5,69.8,5,0,8.42
2057,18,1.7,92.4,39.9,2,0,10.21
2058,34,2.3,85.3,34.3,10,1,19.39
2059,23,3.7,74.5,44.0,10,0,11.65
2060,21,1.8,62.9,38.3,5,1,13.83
2061,33,9.2,94.2,50.3,7,1,16.15
2062,32,1.1,78.9,63.4,7,0,12.34
2063,32,5.4,61.1,68.3,2,1,12.33
2064,23,2.1,63.5,81.3,7,1,19.04
2065,32,3.8,90.2,72.7,6,0,12.75
2066,31,9.3,52.2,69.6,7,1,14.32
2067,28,2.5,99.6,56.8,8,0,14.89
2068,24,9.7,56.5,60.8,4,1,14.06
2069,26,2.9,89.8,56.9,1,1,10.32
2070,33,7.7,69.7,84.7,8,1,19.26
2071,22,5.9,74.6,45.0,8,1,15.59
2072,27,9.0,94.0,30.4,3,1,17.81
2073,20,6.0,70.6,72.3,3,1,15.56
2074,30,5.8,76.9,43.2,5,1,12.04
2075,28,2.8,52.5,87.9,3,1,11.08
2076,34,2.5,50.1,85.8,5,1,11.18
2077,30,9.2,62.2,35.0,8,1,18.88
2078,23,4.0,84.0,36.9,1,1,10.31
2079,34,4.3,56.1,62.2,2,1,9.28
2080,30,7.8,55.7,69.6,2,1,16.13
2081,27,4.0,70.5,47.9,4,0,9.72
2082,20,9.6,82.4,76.6,9,1,21.36
2083,31,7.6,85.6,68.7,2,1,14.63
2084,22,6.4,58.9,51.1,9,1,14.54
2085,22,8.9,54.0,31.6,7,0,12.14
2086,34,1.4,97.0,78.8,10,1,18.51
2087,27,3.3,63.0,44.0,8,0,13.06
2088,22,5.2,92.7,84.2,1,0,10.37
2089,21,3.0,93.2,57.3,5,1,14.6
2090,23,7.7,88.6,67.5,9,1,19.82
2091,21,9.3,58.4,86.7,4,0,14.93
2092,24,4.8,91.1,86.1,2,1,11.71
2093,24,4.1,88.5,54.1,6,0,10.04
2094,20,9.7,79.8,43.6,2,0,10.87
2095,18,5.0,66.9,80.4,3,0,12.65
2096,21,5.4,63.1,58.2,8,1,16.35
2097,23,4.2,56.1,42.5,3,0,5.86
2098,26,9.2,75.5,88.8,2,0,9.25
2099,31,6.1,79.3,42.9,6,1,12.48
2100,29,7.9,68.0,31.7,3,0,12.0
2101,21,8.3,73.8,31.3,1,1,11.08
2102,29,4.1,68.2,70.5,3,1,13.9
2103,27,4.9,82.1,73.0,6,1,17.47
2104,24,8.6,95.1,50.2,3,0,12.88
2105,20,4.3,58.2,50.8,9,1,15.53
2106,31,8.1,69.1,52.1,7,1,16.2
2107,27,9.5,57.0,74.2,5,0,13.46
2108,33,6.6,81.2,33.8,2,0,3.79
2109,33,7.7,86.4,90.4,9,0,19.22
2110,27,8.2,96.6,44.5,5,0,14.65
2111,30,8.6,63.9,95.0,7,1,19.48
2112,23,4.6,97.5,41.1,9,1,16.09
2113,29,1.5,53.2,80.2,4,0,10.89
2114,26,4.6,80.2,44.5,9,0,12.6
2115,30,7.1,52.9,35.3,1,1,10.33
2116,21,5.1,94.7,86.9,6,0,13.7
2117,28,7.7,76.5,85.8,2,1,13.48
2118,28,4.2,83.5,56.2,8,0,13.46
2119,21,6.7,91.6,75.7,5,1,14.12
2120,18,2.7,57.5,66.2,3,1,7.27
2121,24,7.7,51.9,85.4,2,0,10.08
2122,23,5.9,93.9,50.5,8,0,15.3
2123,32,2.8,65.7,64.0,7,1,14.18
2124,28,3.6,56.4,61.5,9,1,15.4
2125,32,7.7,73.4,53.0,8,0,14.47
2126,33,5.3,79.9,87.9,4,1,15.67
2127,24,2.9,51.5,40.8,2,0,4.78
2128,27,9.7,63.7,39.7,2,1,13.26
2129,29,7.4,51.6,67.5,2,1,12.53
2130,31,9.6,71.0,72.7,6,0,10.47
2131,22,4.8,94.8,42.7,7,0,11.56
2132,22,5.3,99.1,55.4,6,0,12.23
2133,20,9.1,81.9,91.5,2,1,14.84
2134,22,5.7,58.1,46.0,4,0,10.52
2135,34,7.4,95.3,73.4,3,0,11.75
2136,29,3.3,75.8,78.1,4,1,13.66
2137,26,5.0,57.7,59.1,5,0,10.2
2138,18,2.1,96.1,90.9,7,1,17.04
2139,21,2.9,87.9,77.9,9,0,14.01
2140,27,1.0,86.6,59.8,2,0,7.06
2141,24,1.4,85.5,67.0,8,0,9.12
2142,18,9.8,60.0,75.0,3,1,15.12
2143,34,3.2,60.6,68.5,9,1,17.57
2144,19,7.0,84.4,87.1,10,1,26.3
2145,28,8.6,61.0,53.2,4,0,10.72
2146,26,6.0,71.9,49.5,3,0,7.23
2147,24,2.4,89.1,43.9,10,1,14.33
2148,34,7.6,89.2,32.5,6,0,8.89
2149,34,6.4,72.7,32.8,10,0,12.42
2150,19,7.6,89.6,86.6,9,0,15.16
2151,23,7.9,91.9,74.1,7,1,18.59
2152,31,9.8,82.7,72.9,4,1,16.1
2153,23,6.2,61.4,70.0,3,0,8.83
2154,19,4.1,63.7,85.2,10,0,14.35
2155,18,6.8,65.7,61.2,4,1,14.3
2156,27,1.6,55.8,86.6,3,1,10.35
2157,22,9.1,63.7,53.4,3,0,6.74
2158,19,2.1,60.5,90.2,9,1,17.1
2159,33,4.0,72.8,75.4,4,0,11.02
2160,19,8.3,95.4,46.7,9,0,12.23
2161,27,6.4,55.2,66.7,10,0,13.44
2162,19,4.5,86.0,64.6,5,0,10.64
2163,33,5.3,84.4,39.0,7,0,11.07
2164,33,8.7,54.8,68.4,5,1,17.15
2165,24,4.1,96.1,50.5,1,0,9.11
2166,29,8.8,78.4,33.4,2,0,8.27
2167,32,1.8,68.2,91.7,5,0,13.5
2168,25,8.0,87.8,71.7,6,1,17.24
2169,23,8.6,62.9,87.0,7,1,20.22
2170,27,2.6,84.7,73.9,2,0,7.26
2171,20,4.9,52.0,53.2,10,0,14.04
2172,34,2.5,92.0,63.3,9,0,15.04
2173,24,7.4,72.4,73.9,6,0,12.63
2174,21,5.8,81.8,92.4,2,0,8.19
2175,31,6.7,61.1,46.5,2,1,8.31
2176,32,2.8,83.9,86.9,3,1,15.17
2177,25,2.9,88.6,90.1,1,1,12.35
2178,32,1.4,73.7,73.6,9,0,13.04
2179,31,3.9,80.9,90.5,10,0,18.93
2180,26,6.0,72.8,55.9,4,1,12.14
2181,25,8.7,94.7,91.9,5,1,20.29
2182,34,7.0,74.9,75.7,7,0,11.91
2183,19,4.9,92.1,32.7,1,1,10.65
2184,20,9.6,90.1,88.9,3,0,9.78
2185,25,7.5,70.5,61.5,3,0,7.98
2186,29,9.4,61.5,59.9,2,0,9.62
2187,18,5.7,70.3,66.8,8,1,20.12
2188,27,3.3,91.3,39.7,5,0,10.4
2189,20,1.5,61.4,60.5,1,1,10.11
2190,23,7.5,76.2,84.0,2,0,15.06
2191,24,2.1,90.3,31.0,1,0,6.71
2192,28,3.7,67.7,47.7,6,1,12.18
2193,22,5.8,82.1,30.2,9,0,9.26
2194,28,6.1,62.3,57.0,7,0,12.6
2195,29,6.4,55.5,77.3,5,0,8.32
2196,27,2.5,89.7,81.9,3,1,11.98
2197,25,4.4,54.9,91.4,8,1,18.08
2198,26,6.6,63.6,69.6,10,0,17.12
2199,21,9.7,92.8,46.6,4,0,10.17
2200,22,7.5,67.3,90.1,9,1,17.66
2201,25,9.3,98.7,80.4,5,0,13.01
2202,26,7.9,99.0,67.3,6,0,12.57
2203,32,6.3,63.4,75.2,5,0,11.47
2204,32,2.7,52.0,90.1,10,1,15.78
2205,33,7.0,85.3,76.3,7,0,12.05
2206,31,6.6,72.5,53.9,7,1,18.61
2207,25,6.4,55.0,76.3,1,1,13.45
2208,27,5.4,85.4,32.6,2,1,13.99
2209,23,5.8,51.6,55.1,7,1,11.55
2210,29,4.0,93.5,56.4,8,0,11.25
2211,19,5.7,56.9,40.8,4,1,14.35
2212,24,2.8,56.4,31.5,6,1,13.5
2213,33,8.2,58.8,38.7,10,0,14.56
2214,20,2.7,98.0,72.6,3,0,8.92
2215,30,1.8,84.7,82.1,7,0,11.46
2216,20,4.9,90.1,94.2,3,1,15.64
2217,28,6.9,69.9,52.5,7,0,11.15
2218,25,4.9,66.8,69.0,8,0,14.14
2219,23,3.5,61.7,90.9,3,1,13.5
2220,18,6.0,74.0,40.9,2,1,9.8
2221,18,4.1,77.6,76.6,6,0,13.25
2222,25,9.4,81.6,79.1,4,1,19.5
2223,22,9.3,62.9,35.8,8,1,19.7
2224,33,5.5,97.4,86.0,2,0,11.54
2225,28,4.0,58.5,82.9,4,1,15.24
2226,22,7.6,98.3,32.2,2,1,10.84
2227,21,1.3,50.7,35.9,2,1,7.11
2228,23,5.3,74.1,33.2,2,1,10.75
2229,31,4.0,66.7,51.8,1,1,11.51
2230,26,9.3,72.5,63.1,4,0,9.65
2231,29,1.1,78.5,64.6,2,0,6.85
2232,28,6.0,71.8,47.4,9,0,14.34
2233,31,7.7,70.7,89.3,9,0,15.99
2234,33,5.4,86.6,53.9,7,1,17.45
2235,18,1.8,84.3,33.0,6,0,7.87
2236,30,9.8,91.7,49.5,3,0,9.44
2237,30,5.7,62.5,64.5,7,0,11.19
2238,19,6.5,80.5,56.5,1,0,7.66
2239,21,3.1,79.3,47.8,9,0,11.88
2240,23,5.4,68.5,38.5,4,0,7.39
2241,22,4.9,74.3,83.2,6,1,16.89
2242,20,1.7,65.7,94.7,6,0,16.12
2243,18,2.0,57.1,51.4,3,1,11.79
2244,21,8.5,60.7,54.8,4,1,10.81
2245,19,3.2,55.3,70.2,10,1,18.26
2246,22,2.8,84.2,76.7,3,0,8.43
2247,20,5.5,83.0,55.5,6,1,14.04
2248,26,7.9,97.5,88.8,1,1,16.68
2249,23,1.6,86.5,66.4,8,0,12.87
2250,23,6.2,52.6,59.3,8,0,17.47
2251,29,2.1,94.2,72.0,9,0,13.92
2252,28,1.3,93.1,91.9,6,1,16.12
2253,19,1.5,72.2,81.6,1,1,13.48
2254,32,8.5,79.3,32.6,3,0,8.58
2255,29,2.1,98.8,51.6,1,0,4.75
2256,29,1.4,76.6,60.6,5,1,11.66
2257,26,4.9,95.3,50.4,3,1,12.99
2258,19,8.6,54.2,75.5,2,1,14.84
2259,20,3.4,59.6,83.7,3,1,15.47
2260,29,4.8,72.0,77.5,9,1,20.2
2261,33,1.4,79.2,94.3,8,1,18.77
2262,18,5.0,90.8,47.7,3,0,10.95
2263,20,6.2,99.4,86.9,2,0,11.72
2264,19,6.1,69.4,79.8,5,1,14.09
2265,26,4.0,52.4,53.5,1,0,5.61
2266,32,3.8,90.1,77.7,4,0,9.71
2267,28,2.0,80.2,36.8,8,1,17.57
2268,33,4.3,59.9,81.3,1,1,9.67
2269,34,1.9,74.7,64.6,5,1,11.85
2270,22,7.9,87.1,49.0,4,0,10.58
2271,29,9.7,88.5,72.6,6,1,22.59
2272,28,9.7,75.0,71.7,7,0,15.33
2273,32,8.8,65.3,43.6,9,1,20.25
2274,20,6.4,98.7,32.0,1,0,4.75
2275,18,7.3,83.2,58.2,10,0,16.57
2276,33,3.6,70.4,67.0,4,0,7.34
2277,19,6.7,64.0,87.0,6,1,18.49
2278,19,5.1,86.6,90.3,10,0,13.25
2279,20,5.3,62.1,64.4,7,1,15.37
2280,25,7.8,58.6,79.0,7,0,9.15
2281,32,3.5,76.5,58.6,8,0,10.73
2282,24,3.9,64.5,78.5,10,1,15.86
2283,23,9.3,81.4,43.3,8,1,19.66
2284,26,1.5,55.9,54.1,8,0,11.35
2285,18,5.4,82.7,71.2,8,1,17.32
2286,25,9.2,64.2,31.2,8,1,17.08
2287,20,6.5,50.0,77.0,6,1,14.09
2288,21,5.9,56.3,84.3,9,1,19.23
2289,32,3.2,96.7,55.9,3,0,8.74
2290,23,4.1,93.4,59.1,6,0,16.14
2291,32,8.7,61.7,85.3,5,0,15.56
2292,20,6.0,88.9,80.4,8,0,16.47
2293,31,5.6,80.4,48.7,4,1,14.48
2294,31,1.9,98.5,51.1,4,0,10.03
2295,21,1.1,68.7,74.1,10,0,16.52
2296,29,9.7,84.1,66.6,10,1,21.99
2297,34,4.4,53.2,40.5,5,1,13.14
2298,24,6.4,69.8,50.1,6,1,14.2
2299,26,1.7,98.2,88.5,4,1,13.84
2300,20,7.1,76.9,74.7,2,0,9.2
2301,30,9.4,64.4,94.1,2,1,10.06
2302,32,6.2,56.0,79.9,3,1,13.62
2303,18,2.1,85.2,91.2,2,0,8.76
2304,23,6.2,82.2,44.1,1,0,8.78
2305,19,7.9,68.7,80.1,8,0,16.89
2306,31,4.7,97.5,31.3,5,1,19.46
2307,23,8.9,51.1,73.6,10,0,16.6
2308,31,6.8,65.2,60.5,1,1,12.11
2309,21,9.1,96.1,52.5,9,0,13.85
2310,25,6.6,66.0,86.1,8,0,12.24
2311,20,2.2,62.6,85.5,4,0,11.73
2312,31,3.8,76.7,31.4,8,0,11.17
2313,34,2.8,91.2,69.6,10,0,15.77
2314,25,9.2,55.2,53.9,7,0,12.29
2315,31,7.8,97.2,57.0,7,0,13.41
2316,23,7.1,89.8,84.1,1,1,14.77
2317,33,3.7,59.1,50.1,6,1,14.58
2318,31,2.7,85.6,91.3,4,1,17.01
2319,20,7.8,69.2,41.7,10,1,16.2
2320,27,5.3,70.1,73.1,10,1,20.45
2321,26,3.0,89.2,73.7,10,1,16.77
2322,30,6.5,98.1,46.4,2,0,9.89
2323,24,1.4,56.3,51.1,10,1,16.57
2324,31,3.9,71.0,84.3,7,1,16.77
2325,26,5.2,74.0,79.5,9,1,18.88
2326,32,2.3,68.8,51.4,5,1,13.2
2327,31,9.9,68.2,64.7,8,0,16.34
2328,23,2.9,52.6,34.0,5,1,13.49
2329,21,2.2,84.3,43.6,7,0,12.63
2330,25,2.8,71.8,61.6,7,0,8.84
2331,34,7.9,59.7,35.6,9,0,13.9
2332,26,4.8,90.8,84.8,3,0,5.77
2333,18,6.1,90.1,76.7,1,0,4.6
2334,31,1.2,74.3,91.3,2,0,10.94
2335,28,1.3,64.9,75.1,6,1,11.43
2336,20,5.0,81.9,91.1,10,0,15.9
2337,26,8.3,64.4,66.0,10,1,22.65
2338,31,9.0,61.8,69.0,9,1,20.51
2339,26,1.8,86.5,93.5,3,1,14.86
2340,21,5.8,52.0,71.7,10,0,14.49
2341,21,9.2,54.7,32.0,2,1,11.87
2342,25,4.5,50.3,77.0,1,0,6.03
2343,19,8.5,57.6,88.9,2,0,8.94
2344,26,2.2,53.4,81.7,3,1,12.21
2345,31,9.4,99.8,67.9,7,1,20.21
2346,26,7.8,64.4,73.6,2,1,13.3
2347,33,9.5,57.5,94.4,5,0,8.35
2348,34,7.1,62.0,35.9,2,0,10.16
2349,33,4.3,96.8,73.4,7,0,15.12
2350,29,9.4,76.0,48.4,10,1,19.57
2351,20,3.5,68.2,71.6,8,0,14.84
2352,28,4.0,93.7,69.5,8,1,17.44
2353,31,7.3,69.7,40.0,8,0,12.95
2354,22,7.9,66.8,43.4,10,0,10.3
2355,33,9.4,60.4,70.4,9,0,15.4
2356,22,2.8,68.9,38.3,1,0,4.92
2357,20,8.2,65.8,47.2,1,1,12.17
2358,29,7.6,83.9,84.3,10,1,24.87
2359,18,1.6,64.5,51.3,2,0,6.46
2360,26,4.5,78.9,61.7,6,0,10.46
2361,26,3.5,53.3,91.2,1,1,10.53
2362,21,3.7,59.6,44.8,5,1,9.87
2363,20,9.8,70.4,55.3,5,1,17.01
2364,34,6.8,96.8,69.4,4,0,12.34
2365,19,7.5,68.9,79.1,5,0,12.03
2366,18,9.8,83.2,88.6,1,0,12.02
2367,25,4.4,62.8,89.5,6,0,14.12
2368,30,8.2,56.4,80.5,7,1,17.86
2369,32,4.9,52.9,44.8,8,0,12.62
2370,25,8.8,65.3,31.6,2,1,16.31
2371,29,2.6,57.9,54.9,7,0,9.09
2372,29,9.5,58.7,39.2,6,1,17.04
2373,31,3.0,88.0,76.2,9,0,14.57
2374,32,3.9,50.8,73.0,8,0,14.64
2375,32,7.8,77.9,32.9,4,1,12.27
2376,26,4.5,69.0,84.4,9,0,15.02
2377,25,6.5,75.3,46.2,1,0,5.63
2378,23,5.0,78.1,58.1,6,0,7.76
2379,21,7.7,65.7,73.4,8,1,21.24
2380,24,3.1,64.8,57.9,4,1,11.71
2381,21,1.5,86.7,58.7,2,1,9.79
2382,29,3.7,93.6,34.3,2,1,10.32
2383,30,5.3,59.6,56.1,10,1,21.55
2384,20,2.5,54.9,79.7,1,1,13.15
2385,29,4.2,94.9,89.5,5,1,16.46
2386,19,4.6,67.5,56.9,6,1,16.58
2387,19,1.5,77.6,57.5,4,0,6.63
2388,26,6.2,68.0,75.7,4,1,15.91
2389,18,9.0,56.3,91.3,5,1,16.12
2390,25,2.4,79.5,47.4,5,0,10.23
2391,23,6.4,76.3,58.6,9,0,11.27
2392,23,7.0,60.1,81.7,8,0,12.85
2393,34,4.8,72.6,69.6,9,0,14.42
2394,29,7.3,89.8,37.2,3,0,9.12
2395,23,4.7,79.5,70.8,3,0,6.57
2396,25,5.5,54.8,42.1,1,0,3.98
2397,27,1.1,77.4,63.2,10,1,18.32
2398,18,7.2,85.1,64.4,6,0,12.99
2399,30,7.0,89.6,87.0,4,0,13.3
2400,34,1.3,81.5,60.1,8,0,12.56
2401,20,4.3,57.6,48.2,2,1,8.5
2402,25,9.8,85.5,45.0,2,0,8.16
2403,31,4.8,83.9,86.8,7,0,14.72
2404,20,5.5,51.2,41.1,5,1,10.81
2405,33,9.2,70.6,57.7,1,0,5.85
2406,30,7.5,66.6,42.2,7,0,10.98
2407,34,6.2,83.5,80.3,7,0,14.21
2408,30,8.2,60.8,60.8,10,1,15.67
2409,23,8.8,79.5,52.8,6,1,16.45
2410,34,5.1,95.7,53.5,4,1,15.74
2411,31,5.3,89.9,85.4,8,0,16.12
2412,34,4.5,96.1,66.0,2,1,11.5
2413,25,9.7,98.9,76.7,2,0,11.57
2414,28,7.3,50.5,88.3,2,0,11.34
2415,18,1.7,81.1,88.6,3,0,10.9
2416,24,8.8,70.6,51.4,6,1,15.6
2417,34,5.3,93.0,91.9,1,0,4.74
2418,27,1.6,62.6,31.6,2,1,9.37
2419,28,5.9,99.1,54.5,10,1,23.2
2420,26,4.8,80.7,88.2,2,0,11.28
2421,26,8.9,89.7,47.9,1,0,9.62
2422,22,2.8,54.3,47.8,3,0,7.46
2423,34,8.4,59.2,49.7,10,0,16.15
2424,26,6.0,87.9,69.8,7,0,13.83
2425,34,1.5,51.1,58.5,1,1,5.39
2426,24,9.7,90.8,77.2,7,0,16.39
2427,26,5.6,50.7,88.2,5,1,13.46
2428,24,3.6,82.9,73.8,9,0,14.41
2429,30,5.2,68.3,43.3,2,1,12.74
2430,28,8.7,80.6,90.6,1,1,13.34
2431,31,3.7,84.8,47.2,9,1,15.31
2432,28,2.7,67.1,39.7,8,1,15.77
2433,30,2.2,55.4,35.8,10,0,9.77
2434,31,3.7,53.5,66.6,6,0,10.27
2435,30,8.0,79.4,37.4,5,1,17.3
2436,18,5.2,76.0,39.0,8,1,19.48
2437,25,3.0,87.1,49.5,8,1,12.87
2438,29,2.5,75.5,48.3,5,0,8.87
2439,29,4.0,71.1,69.3,7,0,14.74
2440,25,9.5,69.9,83.1,1,0,8.63
2441,25,4.1,51.3,79.5,4,1,14.96
2442,30,9.9,66.8,47.1,2,1,14.99
2443,29,5.4,98.8,45.9,10,1,18.17
2444,33,2.6,93.7,92.8,3,1,15.62
2445,18,9.0,66.5,30.5,1,1,12.23
2446,30,5.1,79.4,87.2,2,1,15.79
2447,24,7.4,92.4,43.0,1,0,4.32
2448,22,9.9,72.1,91.6,8,1,23.13
2449,25,1.5,50.9,52.2,4,0,9.09
2450,31,1.9,53.7,58.6,3,1,8.51
2451,30,7.5,75.5,76.0,1,0,8.48
2452,32,3.5,98.5,68.2,2,1,15.01
2453,34,2.7,84.7,50.7,3,1,10.1
2454,32,1.4,53.5,66.0,3,1,9.09
2455,19,1.2,59.5,77.5,6,1,14.17
2456,21,8.0,88.6,32.8,10,1,18.4
2457,18,2.2,92.1,30.7,8,1,15.92
2458,21,5.2,80.9,59.8,6,0,13.16
2459,22,6.5,82.2,38.6,2,1,12.78
2460,32,4.9,51.4,73.2,2,0,8.01
2461,25,1.2,91.4,43.9,7,1,16.5
2462,34,8.1,89.4,58.1,1,1,13.21
2463,18,1.1,63.0,42.8,1,1,7.04
2464,29,7.9,85.4,65.7,7,1,20.63
2465,32,9.0,60.7,37.5,9,1,12.87
2466,26,4.9,52.0,31.5,5,1,12.26
2467,24,5.8,60.1,33.3,1,0,4.99
2468,19,5.3,58.9,92.0,5,1,13.82
2469,26,4.5,66.9,39.2,1,1,10.5
2470,27,9.0,70.9,76.1,10,0,17.1
2471,19,9.0,75.4,34.4,9,1,16.63
2472,28,4.0,73.8,37.0,4,1,9.55
2473,30,6.5,63.5,63.1,9,1,15.52
2474,27,9.3,51.5,60.2,2,1,16.53
2475,31,9.7,80.3,91.9,7,0,18.88
2476,26,5.6,69.8,91.4,2,0,9.72
2477,24,5.1,64.9,80.7,4,1,11.78
2478,20,3.5,93.3,69.1,6,1,16.03
2479,23,9.6,87.3,59.6,2,1,10.38
2480,19,2.3,92.9,53.2,2,0,8.25
2481,23,6.2,74.7,91.6,2,1,12.41
2482,20,3.5,56.5,69.2,3,1,9.66
2483,33,3.5,84.8,67.6,5,0,12.75
2484,25,4.6,60.3,45.1,9,0,12.11
2485,19,10.0,72.1,33.0,6,0,12.84
2486,34,1.5,53.3,91.4,9,0,16.16
2487,26,6.2,91.3,50.4,10,0,14.63
2488,29,1.7,56.3,58.8,5,0,9.04
2489,20,2.4,95.2,37.5,6,1,16.51
2490,28,5.0,93.2,84.4,10,0,15.19
2491,18,5.6,73.2,31.8,8,0,13.9
2492,30,3.3,87.2,84.2,3,0,6.0
2493,32,3.8,81.0,39.1,2,0,6.23
2494,22,1.8,90.2,87.6,3,1,14.38
2495,34,3.7,71.6,77.4,9,0,11.73
2496,23,9.7,89.3,40.7,6,1,17.92
2497,28,9.5,73.1,66.8,10,1,21.14
2498,21,4.0,97.0,50.3,4,0,8.16
2499,20,6.1,74.3,41.6,10,1,16.69
2500,30,9.2,73.1,85.8,3,1,14.28
2501,26,1.1,89.3,56.2,2,0,4.23
2502,23,8.3,91.1,55.9,4,1,19.09
2503,29,9.5,77.7,41.0,9,1,18.51
2504,19,1.8,59.0,54.9,4,1,8.91
2505,20,2.5,73.4,86.7,5,0,10.92
2506,20,9.6,98.4,53.6,8,1,20.32
2507,29,5.8,87.6,91.9,2,0,8.64
2508,32,1.1,90.6,91.5,3,0,9.24
2509,26,3.3,51.6,39.4,6,0,11.75
2510,25,5.0,73.4,41.5,7,1,13.01
2511,28,7.2,82.3,86.1,4,1,15.34
2512,33,7.6,91.5,55.5,1,0,4.21
2513,21,10.0,52.5,30.3,7,0,14.84
2514,18,3.6,92.6,47.8,9,1,18.98
2515,24,5.8,77.4,68.8,1,1,12.33
2516,19,5.8,59.9,82.0,1,0,6.71
2517,22,4.7,65.9,38.7,1,1,8.37
2518,24,2.5,64.1,37.2,10,0,11.87
2519,21,9.8,76.5,89.9,7,1,20.83
2520,22,8.7,52.6,78.8,9,1,17.12
2521,18,5.5,57.9,68.3,3,0,8.0
2522,18,6.4,90.6,80.0,8,1,21.2
2523,32,3.0,56.6,57.9,9,1,19.34
2524,27,5.9,61.7,79.3,3,0,10.78
2525,20,7.3,72.7,54.2,3,0,7.79
2526,28,5.6,75.9,45.9,1,0,6.46
2527,32,9.9,88.2,77.4,2,0,11.42
2528,28,6.5,72.4,57.3,7,1,16.1
2529,34,4.3,89.5,93.8,3,0,12.27
2530,34,7.9,80.9,52.7,7,1,15.98
2531,23,2.5,55.7,89.9,5,0,14.02
2532,22,4.5,57.8,90.6,10,1,19.04
2533,25,4.1,71.9,45.7,8,0,10.6
2534,19,4.9,69.8,81.9,5,0,12.6
2535,33,8.0,87.2,58.1,3,0,7.96
2536,29,5.4,79.0,89.6,9,1,20.09
2537,23,8.1,69.4,59.3,7,0,15.47
2538,18,6.2,58.5,78.4,5,0,8.79
2539,21,4.1,61.3,60.4,7,1,17.71
2540,34,8.3,78.8,44.8,10,1,16.92
2541,30,3.1,71.2,43.0,9,1,17.79
2542,22,3.0,75.7,57.7,5,0,8.01
2543,20,5.5,58.5,79.1,7,0,15.07
2544,28,3.3,83.1,69.3,9,1,16.99
2545,30,1.1,92.6,74.8,1,0,6.88
2546,21,6.8,62.9,48.4,4,0,7.33
2547,31,5.6,74.6,61.3,1,0,2.68
2548,28,5.0,98.8,32.9,8,1,14.7
2549,27,9.7,66.7,83.1,3,0,7.61
2550,23,6.1,79.8,94.3,2,1,10.66
2551,32,8.8,54.5,56.4,4,0,10.44
2552,27,2.3,80.3,30.7,3,1,13.92
2553,22,6.1,54.5,41.0,5,1,16.81
2554,22,8.8,98.0,72.4,8,0,12.83
2555,27,6.2,85.8,69.8,10,0,15.39
2556,22,7.5,89.4,81.2,8,1,22.26
2557,20,4.3,85.2,46.5,7,0,8.93
2558,23,1.8,79.5,79.6,8,1,19.48
2559,21,5.1,72.5,74.7,5,1,17.84
2560,26,4.6,92.9,51.0,10,1,15.14
2561,34,8.8,97.8,65.5,10,0,11.7
2562,30,3.2,75.0,39.6,6,0,9.03
2563,32,9.7,96.6,59.4,8,1,21.96
2564,34,9.6,79.2,87.3,1,0,6.9
2565,30,3.2,76.9,57.4,6,1,10.72
2566,33,4.1,72.7,84.6,6,1,16.43
2567,21,9.1,60.5,68.4,5,0,12.78
2568,22,9.7,50.2,42.5,4,0,7.9
2569,22,5.0,62.1,67.8,1,0,6.11
2570,26,3.9,75.5,62.9,10,1,19.73
2571,34,5.7,69.0,55.9,8,0,10.95
2572,30,7.2,72.4,37.8,6,0,9.07
2573,19,3.5,99.0,57.1,3,1,14.16
2574,30,7.6,67.5,34.7,3,0,8.84
2575,20,1.5,72.6,36.4,6,0,8.73
2576,27,1.4,56.7,57.0,7,0,13.47
2577,19,4.5,52.4,49.8,8,1,16.81
2578,30,4.2,88.8,90.2,5,0,11.52
2579,34,3.8,78.5,54.4,10,1,15.58
2580,31,5.4,88.0,79.3,6,1,19.31
2581,29,3.9,57.5,64.5,1,1,12.51
2582,29,2.7,78.6,75.8,6,1,15.4
2583,28,3.8,62.7,46.9,9,0,12.93
2584,24,9.8,61.4,91.2,10,0,18.25
2585,21,4.7,50.6,64.5,4,0,12.32
2586,18,5.0,56.5,84.0,10,1,20.8
2587,20,6.2,65.5,53.7,1,0,7.89
2588,30,9.9,55.8,36.5,9,0,15.03
2589,32,3.2,99.3,73.8,4,0,12.97
2590,19,7.1,65.4,30.5,2,0,7.4
2591,28,7.4,56.5,60.9,1,1,13.47
2592,21,6.5,60.0,42.5,3,1,10.77
2593,34,1.8,79.4,70.8,7,0,14.04
2594,20,7.1,53.2,93.7,10,1,18.85
2595,25,1.6,93.1,60.2,2,0,5.79
2596,22,6.4,98.1,83.1,9,1,20.56
2597,24,7.7,62.3,63.0,2,1,10.26
2598,25,2.9,72.5,62.2,5,0,8.82
2599,22,8.6,51.1,90.5,8,0,15.36
2600,34,1.3,82.0,87.8,10,1,19.57
2601,22,8.6,70.7,81.1,8,1,20.71
2602,21,5.1,63.5,49.3,3,1,13.39
2603,19,3.0,60.3,65.4,2,1,11.83
2604,28,2.2,82.7,44.6,9,1,14.74
2605,30,9.6,70.8,58.9,3,1,16.57
2606,32,1.7,59.0,61.5,8,1,14.89
2607,29,2.8,84.5,84.1,2,0,9.52
2608,28,4.1,78.3,88.2,3,1,14.57
2609,24,6.6,92.9,57.0,1,1,16.08
2610,22,5.9,55.9,31.2,6,1,11.13
2611,34,2.1,89.3,86.0,7,0,12.42
2612,26,3.6,83.7,41.3,4,0,9.74
2613,31,3.1,55.8,70.4,1,1,10.39
2614,29,2.9,84.7,31.6,3,1,10.41
2615,23,4.7,72.1,56.0,9,1,13.65
2616,34,7.3,97.2,94.1,5,0,12.87
2617,33,3.0,57.1,36.5,6,0,9.81
2618,29,4.3,82.1,57.5,4,0,10.7
2619,29,4.5,69.1,50.0,1,1,10.22
2620,23,9.8,97.8,88.8,5,0,14.18
2621,21,9.6,66.5,86.5,5,1,15.2
2622,23,8.2,98.1,45.5,5,0,12.05
2623,28,3.2,95.1,35.3,6,1,14.62
2624,18,1.6,63.5,70.8,2,1,11.29
2625,32,3.9,90.2,51.9,1,1,11.03
2626,28,3.4,99.8,73.7,2,0,9.55
2627,34,5.6,62.6,32.1,10,1,18.24
2628,31,8.0,71.8,38.7,6,0,11.4
2629,32,8.7,76.0,74.6,5,0,8.54
2630,32,8.6,64.7,43.8,5,0,10.83
2631,21,4.2,50.8,85.7,6,1,14.53
2632,24,7.2,61.0,33.8,10,0,11.9
2633,30,3.8,64.1,44.0,7,1,17.22
2634,20,1.5,72.2,94.9,9,0,12.62
2635,33,7.3,58.6,58.1,7,0,10.45
2636,26,1.1,93.7,75.7,2,0,3.99
2637,25,4.7,85.2,41.9,6,1,17.92
2638,30,4.0,54.3,69.6,9,0,15.09
2639,34,7.2,82.5,77.2,7,1,17.8
2640,34,7.9,82.7,50.4,2,1,14.64
2641,34,3.7,97.8,83.9,3,1,10.51
2642,18,8.3,50.2,69.2,8,0,14.39
2643,25,3.6,62.4,55.3,9,0,11.02
2644,23,5.0,96.4,66.2,4,1,18.68
2645,20,7.5,96.6,67.5,9,1,21.14
2646,22,7.2,86.0,40.8,2,0,8.28
2647,30,9.9,88.3,56.2,5,1,15.54
2648,32,3.0,54.6,52.3,2,0,4.97
2649,31,7.0,75.7,56.1,1,1,13.38
2650,33,6.5,61.6,79.5,5,0,9.79
2651,28,9.2,59.1,61.4,2,0,7.0
2652,20,2.4,90.5,91.1,7,0,16.28
2653,27,7.8,56.8,49.1,8,1,17.39
2654,27,6.1,73.4,57.0,2,1,10.37
2655,33,3.5,96.9,81.2,7,0,14.55
2656,29,5.3,59.3,65.5,4,1,13.0
2657,19,4.0,98.9,65.6,1,1,9.09
2658,26,6.2,99.7,33.5,3,1,12.54
2659,20,9.0,77.8,55.9,1,0,6.08
2660,32,6.1,58.5,47.6,5,1,14.26
2661,20,6.7,65.8,95.0,8,0,13.49
2662,25,5.7,71.2,50.0,1,0,7.04
2663,34,1.5,65.5,87.5,9,1,18.78
2664,25,3.1,64.0,74.0,3,1,17.26
2665,24,5.4,98.6,52.2,5,1,19.66
2666,24,3.8,57.7,65.3,9,1,17.32
2667,20,2.6,86.7,84.6,5,1,15.5
2668,18,5.5,50.0,87.4,9,0,13.25
2669,21,3.9,79.8,40.4,10,0,10.1
2670,22,3.3,95.8,52.1,8,1,12.54
2671,18,5.2,64.4,51.8,7,1,13.8
2672,32,2.2,59.3,32.7,1,1,11.55
2673,22,9.3,82.6,68.9,4,1,19.7
2674,30,8.8,85.6,85.6,9,1,21.42
2675,25,7.4,84.4,54.8,10,1,20.85
2676,25,2.0,66.0,78.1,8,0,11.58
2677,22,8.0,62.6,70.8,4,0,10.56
2678,26,8.3,97.8,54.4,1,1,12.18
2679,18,7.9,96.2,39.2,10,1,18.37
2680,21,2.0,72.9,76.1,4,1,14.68
2681,20,6.8,92.3,85.5,3,0,9.93
2682,19,8.5,72.6,74.6,6,1,18.54
2683,25,6.2,71.2,31.2,5,1,13.31
2684,26,6.8,57.8,44.1,5,1,16.65
2685,19,5.1,71.3,34.5,2,0,7.84
2686,31,5.8,76.9,67.1,3,1,14.41
2687,31,1.3,51.1,79.2,6,1,10.97
2688,21,6.8,72.2,37.2,2,1,10.81
2689,23,1.7,89.1,84.5,4,1,14.46
2690,28,4.9,84.0,66.1,2,1,13.17
2691,20,3.6,81.8,74.8,9,0,15.62
2692,25,5.9,95.5,93.1,3,0,11.81
2693,20,2.2,50.9,35.4,10,1,13.13
2694,31,7.2,77.9,88.6,10,0,17.75
2695,30,8.2,89.4,38.2,6,1,15.54
2696,30,2.5,77.1,55.5,1,0,5.22
2697,19,1.9,66.2,85.3,10,0,12.52
2698,30,2.3,56.8,88.9,3,1,11.9
2699,23,8.9,94.4,62.9,8,0,13.49
2700,33,5.8,73.5,68.6,5,1,17.75
2701,19,5.2,93.9,76.0,8,1,18.44
2702,25,2.0,79.3,84.1,2,0,9.75
2703,34,6.8,83.7,37.9,7,1,12.79
2704,19,8.8,90.2,82.7,9,0,17.73
2705,27,8.5,83.0,61.3,7,1,19.5
2706,33,6.6,69.9,59.3,3,0,6.2
2707,23,1.7,75.7,57.6,7,0,9.43
2708,19,2.0,90.2,63.1,8,1,15.54
2709,19,1.4,68.7,91.4,1,1,10.96
2710,30,3.3,69.4,65.6,3,0,7.18
2711,32,2.2,54.8,92.0,5,1,13.73
2712,19,3.3,95.7,41.7,6,1,16.3
2713,24,4.5,54.6,77.1,3,1,11.67
2714,20,9.5,82.4,82.8,4,0,12.78
2715,25,6.5,70.7,74.1,5,1,16.19
2716,31,8.5,70.3,69.4,3,1,8.87
2717,24,7.4,84.0,66.7,4,1,14.08
2718,24,2.0,53.4,86.0,5,1,15.74
2719,18,7.6,79.7,83.4,2,0,8.27
2720,34,3.5,88.6,37.9,10,0,11.29
2721,26,6.8,91.4,85.2,9,0,17.97
2722,30,4.1,58.5,56.9,10,0,13.93
2723,34,10.0,94.9,46.5,8,0,16.99
2724,27,3.4,82.8,86.5,6,1,15.7
2725,27,3.5,94.1,58.1,10,0,17.01
2726,21,9.4,74.3,82.5,3,0,9.33
2727,25,1.2,77.1,47.1,2,0,1.43
2728,31,7.3,96.0,30.3,7,0,13.17
2729,31,7.5,95.0,62.2,8,0,15.38
2730,32,8.5,72.4,36.5,10,1,20.19
2731,21,9.8,63.7,79.0,1,0,8.7
2732,30,9.8,69.7,47.9,6,1,19.53
2733,25,1.6,69.4,58.8,7,0,12.75
2734,29,8.4,64.3,35.7,9,1,19.21
2735,31,6.8,63.4,48.6,3,0,8.68
2736,19,6.8,93.1,80.8,2,1,12.32
2737,19,2.2,53.5,39.9,5,1,11.69
2738,28,6.9,83.9,72.1,10,1,21.28
2739,26,9.8,58.6,89.6,1,1,18.2
2740,29,9.2,67.2,74.2,6,1,18.08
2741,34,5.0,53.1,82.7,9,1,15.9
2742,32,1.4,63.5,37.1,10,1,16.52
2743,34,4.3,88.4,46.3,9,1,20.17
2744,23,8.4,94.3,88.1,7,1,23.5
2745,34,7.3,61.1,76.5,7,1,17.19
2746,25,5.1,73.2,71.6,8,0,13.05
2747,26,1.5,73.5,73.1,10,1,15.11
2748,23,4.8,93.7,56.9,2,0,7.25
2749,22,5.2,88.1,32.9,6,1,15.8
2750,29,9.4,75.7,81.0,5,0,9.62
2751,28,6.8,83.5,74.1,5,0,16.01
2752,18,3.8,92.4,60.7,3,1,12.86
2753,28,5.7,50.5,88.5,3,1,13.87
2754,26,1.6,70.1,51.9,6,0,10.58
2755,19,9.8,95.4,49.1,10,0,18.03
2756,29,4.2,87.0,86.7,10,0,16.53
2757,21,5.3,77.1,81.8,7,1,15.53
2758,21,4.2,76.5,63.5,1,0,8.16
2759,32,7.1,67.4,38.5,3,1,14.79
2760,30,7.0,76.0,44.0,1,1,9.81
2761,34,7.4,82.8,72.7,10,1,22.34
2762,23,3.4,70.9,55.0,3,0,8.64
2763,33,3.8,85.7,84.4,5,0,11.93
2764,29,2.1,93.1,91.7,9,1,18.0
2765,22,6.9,57.7,82.4,3,1,13.72
2766,34,1.4,72.6,54.5,10,0,14.13
2767,18,6.4,70.4,81.3,10,1,19.3
2768,27,8.8,84.4,52.8,9,0,12.61
2769,32,9.0,62.5,40.9,1,0,4.93
2770,28,5.0,82.0,32.2,6,0,10.68
2771,30,5.1,93.9,55.1,9,1,19.67
2772,22,1.7,70.9,88.7,5,0,10.85
2773,18,7.0,95.6,45.5,10,0,18.52
2774,29,8.4,99.7,43.4,2,0,5.46
2775,28,3.2,55.3,93.0,5,1,15.45
2776,34,4.8,61.7,31.6,1,1,5.7
2777,21,8.5,97.5,81.1,9,0,16.1
2778,32,8.9,97.9,50.9,10,0,16.21
2779,26,3.2,54.9,32.4,10,0,11.71
2780,29,6.0,50.7,89.7,9,1,14.72
2781,22,2.7,58.1,39.1,6,0,8.98
2782,27,1.9,99.8,65.9,9,1,18.25
2783,34,9.2,59.0,47.8,3,0,10.65
2784,22,8.4,75.1,34.2,4,0,6.41
2785,33,7.8,92.4,33.2,6,0,14.06
2786,24,1.4,51.0,37.5,4,1,5.15
2787,26,8.6,80.2,34.6,1,1,9.39
2788,20,4.9,63.9,79.4,7,1,17.08
2789,32,4.1,93.1,61.6,5,0,11.52
2790,33,5.9,64.2,52.3,8,0,15.44
2791,31,1.8,84.3,57.2,9,1,17.38
2792,20,7.8,83.7,90.4,5,1,17.62
2793,29,6.2,61.1,89.2,8,1,19.28
2794,26,2.7,51.7,76.5,1,0,2.17
2795,24,2.7,70.5,87.5,1,0,5.95
2796,26,2.7,64.5,50.8,7,0,8.4
2797,30,1.5,90.4,54.8,6,1,16.56
2798,22,6.3,90.0,69.9,5,1,19.12
2799,30,8.6,72.9,70.5,5,1,20.34
2800,21,1.2,80.3,61.3,9,0,14.11
2801,19,1.4,80.2,56.0,1,1,11.95
2802,33,6.2,91.4,94.1,8,0,15.58
2803,26,8.4,71.3,83.4,2,0,9.01
2804,26,3.9,63.8,58.3,7,1,13.11
2805,23,4.1,63.3,77.3,6,1,13.13
2806,28,6.4,76.8,47.5,10,1,16.03
2807,18,3.5,72.5,36.5,2,1,11.91
2808,21,1.2,72.0,52.9,3,0,6.69
2809,30,7.6,54.6,56.2,4,1,12.33
2810,30,6.6,85.9,31.1,7,1,12.04
2811,30,6.2,60.7,83.0,8,0,12.09
2812,19,7.7,59.8,53.3,2,1,11.76
2813,26,7.1,70.6,67.7,8,1,15.08
2814,25,2.9,61.4,34.8,9,0,16.83
2815,24,4.2,79.2,41.4,7,0,8.42
2816,21,2.1,68.6,87.8,1,0,10.08
2817,20,2.2,72.4,69.6,6,1,14.54
2818,23,7.1,76.9,91.8,8,1,18.54
2819,29,8.7,60.2,94.9,5,1,16.74
2820,29,9.7,57.8,54.2,2,0,8.5
2821,25,6.7,94.0,49.4,5,1,16.3
2822,18,2.7,71.7,85.8,8,1,15.39
2823,21,2.0,70.6,94.9,2,0,10.08
2824,28,8.3,51.8,70.9,1,1,11.7
2825,20,6.2,74.9,81.7,4,1,12.85
2826,30,6.6,77.7,80.8,4,0,10.37
2827,34,8.0,77.9,53.1,9,0,17.03
2828,27,7.3,85.4,67.3,3,1,15.39
2829,29,8.5,58.9,84.1,4,1,15.76
2830,32,1.5,62.6,74.7,3,1,11.07
2831,27,7.7,90.5,31.4,2,1,12.14
2832,31,8.7,97.4,51.9,4,0,11.33
2833,30,3.6,56.8,39.4,8,0,10.44
2834,22,6.8,74.9,45.1,1,1,12.43
2835,23,3.8,60.7,88.9,8,0,14.26
2836,19,9.6,53.0,32.4,8,1,14.12
2837,34,1.3,66.3,44.3,3,0,7.98
2838,21,6.2,57.2,50.1,10,0,11.86
2839,31,2.5,85.5,70.1,10,0,12.7
2840,27,7.4,76.7,64.7,6,0,12.14
2841,20,2.6,57.2,44.2,4,1,11.83
2842,20,3.1,50.5,40.7,1,0,6.35
2843,32,5.4,90.4,45.4,1,1,7.44
2844,23,9.2,58.8,62.7,5,1,17.33
2845,34,2.9,80.3,47.6,8,0,12.74
2846,29,2.3,66.8,91.6,1,0,6.51
2847,28,7.8,79.3,60.2,2,1,13.22
2848,21,5.5,65.8,33.8,7,0,11.04
2849,23,9.2,54.3,77.4,8,1,11.69
2850,18,2.3,61.1,51.4,3,1,8.44
2851,33,6.8,59.4,72.5,8,0,15.83
2852,32,3.1,71.4,48.2,1,1,8.82
2853,34,2.4,82.9,67.1,9,0,13.47
2854,25,7.2,63.2,80.2,2,0,9.07
2855,29,6.3,50.6,90.3,2,1,14.59
2856,27,7.8,75.9,47.0,4,0,8.96
2857,32,3.8,80.3,51.8,10,1,17.48
2858,26,5.0,98.1,60.2,3,1,14.7
2859,19,4.6,79.5,90.3,4,0,12.94
2860,22,9.9,73.6,88.6,6,0,16.24
2861,23,3.6,78.7,35.8,7,0,10.01
2862,24,3.7,96.4,38.6,5,0,8.77
2863,18,4.2,91.4,62.2,2,0,8.21
2864,24,6.1,66.1,36.9,3,1,14.66
2865,29,3.3,61.9,52.5,10,1,18.6
2866,33,9.2,63.1,39.6,3,1,12.26
2867,33,3.4,75.2,71.3,5,0,7.44
2868,28,9.1,87.2,91.7,5,1,20.8
2869,21,1.9,75.2,94.8,4,1,16.9
2870,30,6.9,53.4,54.4,8,0,10.23
2871,24,9.2,86.2,68.9,6,0,12.24
2872,21,2.5,90.3,85.7,6,0,14.17
2873,32,9.7,64.5,37.6,1,1,12.56
2874,26,5.1,83.2,74.8,6,1,12.75
2875,28,9.5,71.3,56.6,3,1,12.34
2876,25,7.1,94.5,43.4,6,1,17.7
2877,18,3.7,92.3,56.2,10,1,19.4
2878,25,2.7,76.3,34.9,6,0,10.84
2879,30,3.7,84.6,75.2,2,1,14.63
2880,21,1.8,94.2,46.4,1,1,11.03
2881,25,2.3,74.8,50.2,3,0,8.57
2882,20,1.9,65.7,37.9,5,1,10.8
2883,26,4.8,87.7,86.2,4,0,11.57
2884,19,8.2,61.0,62.1,7,0,13.21
2885,19,2.3,69.4,67.2,4,1,16.36
2886,30,2.2,93.3,67.0,8,1,15.65
2887,32,6.8,86.2,56.7,7,0,14.17
2888,29,2.8,70.2,42.5,10,1,16.52
2889,21,1.9,60.7,78.4,9,0,14.91
2890,25,2.5,67.8,38.3,1,1,8.86
2891,26,9.3,64.2,36.8,5,0,12.45
2892,22,8.4,58.8,76.2,4,0,9.39
2893,28,4.2,87.2,43.6,6,0,10.93
2894,32,6.9,62.6,49.9,1,0,7.78
2895,26,5.8,72.7,60.9,6,0,10.11
2896,34,7.1,69.3,59.2,1,1,12.67
2897,29,7.1,99.1,76.1,1,0,11.37
2898,24,6.7,69.6,70.5,8,0,13.55
2899,27,3.4,54.0,71.9,2,0,9.17
2900,27,1.4,54.5,76.4,10,0,12.46
2901,30,5.1,79.5,49.0,6,0,8.72
2902,28,9.0,80.0,51.0,6,0,13.39
2903,30,6.1,70.9,58.5,6,0,10.26
2904,25,8.5,71.6,50.0,8,0,9.82
2905,25,9.9,52.7,94.0,4,1,14.97
2906,21,2.5,75.8,82.9,3,1,16.03
2907,32,7.2,75.2,40.7,6,0,13.01
2908,28,7.1,57.5,30.4,4,0,5.98
2909,28,9.8,55.2,32.8,2,0,4.42
2910,18,9.9,56.2,45.9,6,0,10.44
2911,34,7.2,55.1,37.4,10,0,15.4
2912,32,3.2,80.5,64.7,5,1,14.15
2913,23,8.2,59.8,85.8,9,0,14.96
2914,32,2.0,62.6,77.9,6,1,13.4
2915,26,8.0,58.7,44.0,3,0,7.82
2916,31,9.2,97.9,56.0,5,1,19.07
2917,34,4.4,92.7,63.0,10,1,19.72
2918,22,6.7,61.5,82.7,8,0,13.65
2919,26,4.9,66.4,84.5,9,0,15.94
2920,28,4.9,60.5,89.1,8,1,17.98
2921,18,3.8,74.6,63.1,3,1,14.71
2922,23,7.9,51.0,75.1,9,0,13.1
2923,19,9.4,83.6,37.3,3,0,9.67
2924,32,9.5,76.2,66.7,8,0,16.17
2925,31,2.6,94.9,46.2,10,0,16.91
2926,22,8.9,58.2,58.1,9,1,16.39
2927,23,7.6,90.2,71.2,7,1,18.36
2928,23,3.3,89.6,46.7,4,0,6.42
2929,31,1.6,56.4,33.4,10,0,9.82
2930,27,3.4,69.9,30.7,9,0,11.72
2931,31,9.2,58.5,31.4,3,1,8.52
2932,30,6.7,62.7,30.5,3,1,12.58
2933,20,7.5,63.2,37.2,2,0,8.35
2934,23,3.3,77.8,45.6,10,0,13.29
2935,25,7.5,70.6,44.4,3,1,11.47
2936,29,1.3,97.4,94.1,1,0,8.26
2937,30,4.4,56.3,49.9,4,0,12.72
2938,28,6.6,98.7,38.3,8,0,11.89
2939,29,2.3,61.5,65.5,5,0,8.12
2940,18,8.4,88.6,85.8,2,0,6.02
2941,34,3.1,66.9,74.1,3,1,14.78
2942,33,6.9,57.2,49.2,1,1,8.4
2943,28,4.6,92.9,66.5,2,0,9.04
2944,30,6.4,65.4,76.5,1,0,12.4
2945,28,2.0,82.9,77.3,2,1,13.15
2946,29,1.2,78.3,73.3,3,0,9.43
2947,23,9.2,73.6,86.6,1,0,8.99
2948,26,3.4,74.8,86.6,9,0,15.25
2949,33,8.4,86.6,67.6,10,1,21.22
2950,21,10.0,54.4,57.9,5,0,12.11
2951,20,2.9,83.4,71.7,8,0,8.38
2952,33,3.4,94.8,83.2,5,0,12.61
2953,29,7.0,52.9,30.4,8,0,12.12
2954,28,9.7,57.0,94.5,7,1,24.15
2955,22,9.2,85.8,41.9,4,1,15.26
2956,23,5.5,71.9,60.6,7,0,12.61
2957,23,8.2,70.2,86.7,6,0,14.08
2958,21,2.2,56.8,44.6,3,1,11.2
2959,29,9.8,75.3,61.0,9,0,12.49
2960,19,9.7,56.3,38.6,10,1,20.26
2961,34,2.5,73.8,55.7,9,1,14.84
2962,28,3.7,88.2,41.5,5,0,10.46
2963,28,1.9,62.9,53.6,8,1,13.27
2964,33,3.4,74.0,54.3,7,0,10.94
2965,19,8.3,99.6,94.6,9,0,16.05
2966,19,4.4,84.3,94.7,7,1,17.81
2967,25,1.8,92.1,37.5,4,1,12.23
2968,30,4.1,70.7,77.2,4,1,14.98
2969,27,9.8,88.4,33.4,8,1,18.22
2970,25,6.7,52.0,32.0,6,0,11.38
2971,21,4.7,56.1,36.8,9,0,10.83
2972,32,2.5,60.2,92.8,10,0,15.93
2973,18,9.9,70.1,91.2,7,1,17.96
2974,28,8.4,92.3,42.6,7,0,16.16
2975,24,3.5,67.3,40.5,4,0,8.99
2976,34,1.6,82.7,45.6,3,1,10.06
2977,29,1.5,85.5,63.5,8,0,15.98
2978,26,2.1,79.3,67.0,7,0,12.89
2979,22,6.2,67.9,44.4,4,0,7.62
2980,27,9.4,78.9,79.2,4,0,11.61
2981,21,5.5,67.1,50.1,1,0,4.42
2982,22,8.6,54.2,89.9,7,0,11.59
2983,27,5.0,99.6,72.7,1,0,11.09
2984,28,7.4,56.4,58.4,10,0,12.67
2985,27,7.6,53.6,81.3,10,0,12.9
2986,25,2.6,93.9,83.2,4,0,12.1
2987,19,4.3,65.1,48.9,3,0,11.19
2988,25,6.7,82.5,52.1,3,0,11.47
2989,33,1.6,66.5,90.8,1,0,12.32
2990,22,4.3,69.6,40.7,4,1,17.28
2991,20,5.8,63.1,32.7,1,1,8.11
2992,29,10.0,67.2,59.5,8,0,13.27
2993,30,5.3,70.5,82.1,1,0,5.2
2994,30,8.3,86.0,80.2,6,1,16.1
2995,27,4.9,75.6,89.8,7,1,19.97
2996,21,8.2,97.2,64.7,10,1,21.93
2997,26,6.4,52.1,36.5,2,0,9.5
2998,19,9.0,75.2,68.3,4,1,14.24
2999,18,4.7,79.2,80.6,3,1,13.17
3000,24,6.4,96.0,36.1,9,0,14.67
