learner_id,estimated_uplift,recommendation,priority
788,7.7199,Recommend Intervention,High
463,7.198599999999987,Recommend Intervention,High
2800,7.174600000000003,Recommend Intervention,High
908,7.137099999999997,Recommend Intervention,High
2249,6.820800000000007,Recommend Intervention,High
2729,6.758399999999986,Recommend Intervention,High
1015,6.64259999999998,Recommend Intervention,High
1465,6.595599999999987,Recommend Intervention,High
1573,6.569400000000008,Recommend Intervention,High
1609,6.497699999999998,Recommend Intervention,High
2506,6.473200000000007,Recommend Intervention,High
2978,6.468199999999998,Recommend Intervention,High
586,6.462899999999991,Recommend Intervention,High
837,6.427999999999994,Recommend Intervention,High
2774,6.417599999999993,Recommend Intervention,High
1397,6.409399999999994,Recommend Intervention,High
354,6.373799999999999,Recommend Intervention,High
1499,6.343800000000028,Recommend Intervention,High
1632,6.329900000000004,Recommend Intervention,High
1857,6.321499999999997,Recommend Intervention,High
2953,6.303800000000008,Recommend Intervention,High
2896,6.286800000000001,Recommend Intervention,High
130,6.259199999999984,Recommend Intervention,High
2125,6.243799999999999,Recommend Intervention,High
2286,6.220800000000027,Recommend Intervention,High
1174,6.21309999999999,Recommend Intervention,High
2744,6.204100000000009,Recommend Intervention,High
67,6.1895000000000095,Recommend Intervention,High
2750,6.173000000000002,Recommend Intervention,High
2994,6.100999999999983,Recommend Intervention,High
87,6.099699999999999,Recommend Intervention,High
2753,6.095400000000009,Recommend Intervention,High
365,6.087399999999988,Recommend Intervention,High
736,6.086700000000008,Recommend Intervention,High
1914,6.073699999999983,Recommend Intervention,High
616,6.058399999999992,Recommend Intervention,High
1403,6.03219999999999,Recommend Intervention,High
2397,6.022600000000008,Recommend Intervention,High
1213,6.008800000000035,Recommend Intervention,High
2263,5.998999999999985,Recommend Intervention,High
1326,5.994999999999989,Recommend Intervention,High
66,5.973799999999994,Recommend Intervention,High
1380,5.961000000000009,Recommend Intervention,High
2731,5.949099999999996,Recommend Intervention,High
613,5.939200000000021,Recommend Intervention,High
555,5.929599999999996,Recommend Intervention,High
450,5.924,Recommend Intervention,High
2998,5.897900000000007,Recommend Intervention,High
2657,5.867299999999991,Recommend Intervention,High
404,5.861099999999995,Recommend Intervention,High
1624,5.839799999999997,Recommend Intervention,High
1948,5.826299999999995,Recommend Intervention,High
1392,5.825400000000004,Recommend Intervention,High
1288,5.811099999999999,Recommend Intervention,High
2008,5.79189999999997,Recommend Intervention,High
2836,5.781800000000009,Recommend Intervention,High
2226,5.7662999999999975,Recommend Intervention,High
2153,5.755499999999998,Recommend Intervention,High
1553,5.749399999999985,Recommend Intervention,High
928,5.735599999999993,Recommend Intervention,High
1546,5.731899999999998,Recommend Intervention,High
330,5.7313000000000045,Recommend Intervention,High
987,5.730999999999993,Recommend Intervention,High
2802,5.720700000000003,Recommend Intervention,High
1919,5.711899999999993,Recommend Intervention,High
2650,5.696800000000001,Recommend Intervention,High
1365,5.674100000000008,Recommend Intervention,High
1991,5.671400000000005,Recommend Intervention,High
2690,5.6523999999999965,Recommend Intervention,High
2554,5.648900000000007,Recommend Intervention,High
2503,5.633300000000027,Recommend Intervention,High
2746,5.628600000000006,Recommend Intervention,High
1902,5.609600000000022,Recommend Intervention,High
1217,5.5901,Recommend Intervention,High
1133,5.588499999999996,Recommend Intervention,High
701,5.579300000000011,Recommend Intervention,High
1143,5.575200000000011,Recommend Intervention,High
2524,5.570200000000005,Recommend Intervention,High
2460,5.566999999999995,Recommend Intervention,High
286,5.566100000000004,Recommend Intervention,High
2777,5.526599999999995,Recommend Intervention,High
306,5.525800000000006,Recommend Intervention,High
661,5.520400000000002,Recommend Intervention,High
789,5.505999999999986,Recommend Intervention,High
181,5.502999999999991,Recommend Intervention,High
433,5.492599999999996,Recommend Intervention,High
838,5.461299999999998,Recommend Intervention,High
2798,5.456499999999979,Recommend Intervention,High
5,5.449100000000016,Recommend Intervention,High
2708,5.4445000000000014,Recommend Intervention,High
675,5.430700000000003,Recommend Intervention,High
821,5.426699999999999,Recommend Intervention,High
2479,5.426099999999991,Recommend Intervention,High
2258,5.418699999999992,Recommend Intervention,High
933,5.4080999999999815,Recommend Intervention,High
2298,5.407500000000002,Recommend Intervention,High
2409,5.405799999999992,Recommend Intervention,High
1337,5.398499999999999,Recommend Intervention,High
1377,5.386999999999993,Recommend Intervention,High
2695,5.378599999999997,Recommend Intervention,High
356,5.369399999999998,Recommend Intervention,High
2597,5.365699999999998,Recommend Intervention,High
946,5.364100000000004,Recommend Intervention,High
2658,5.360100000000001,Recommend Intervention,High
2528,5.356800000000009,Recommend Intervention,High
2424,5.353999999999994,Recommend Intervention,High
2824,5.350500000000007,Recommend Intervention,High
410,5.333599999999996,Recommend Intervention,High
1844,5.323999999999993,Recommend Intervention,High
2235,5.323899999999991,Recommend Intervention,High
706,5.310900000000004,Recommend Intervention,High
1296,5.305200000000001,Recommend Intervention,High
752,5.299000000000007,Recommend Intervention,High
1336,5.288999999999992,Recommend Intervention,High
2502,5.281599999999992,Recommend Intervention,High
2285,5.278899999999986,Recommend Intervention,High
416,5.259200000000009,Recommend Intervention,High
2500,5.254200000000003,Recommend Intervention,High
1040,5.244099999999989,Recommend Intervention,High
213,5.232799999999994,Recommend Intervention,High
588,5.222499999999998,Recommend Intervention,High
473,5.2215000000000025,Recommend Intervention,High
812,5.218799999999989,Recommend Intervention,High
1165,5.205699999999995,Recommend Intervention,High
31,5.202400000000017,Recommend Intervention,High
2099,5.191200000000002,Recommend Intervention,High
2111,5.190499999999998,Recommend Intervention,High
1361,5.19020000000001,Recommend Intervention,High
15,5.179800000000007,Recommend Intervention,High
1123,5.168199999999999,Recommend Intervention,High
1828,5.163499999999998,Recommend Intervention,High
2044,5.158299999999987,Recommend Intervention,High
1036,5.151200000000005,Recommend Intervention,High
1335,5.129400000000001,Recommend Intervention,High
1160,5.128100000000006,Recommend Intervention,High
1839,5.1265999999999945,Recommend Intervention,High
1263,5.125100000000005,Recommend Intervention,High
1027,5.122400000000001,Recommend Intervention,High
2307,5.1186999999999845,Recommend Intervention,High
1412,5.11220000000001,Recommend Intervention,High
2501,5.105899999999999,Recommend Intervention,High
1193,5.099099999999989,Recommend Intervention,High
454,5.090299999999992,Recommend Intervention,High
1905,5.088700000000022,Recommend Intervention,High
581,5.087999999999994,Recommend Intervention,High
2510,5.083500000000001,Recommend Intervention,High
2992,5.080700000000018,Recommend Intervention,High
1154,5.079700000000017,Recommend Intervention,High
2086,5.074699999999998,Recommend Intervention,High
2784,5.06890000000001,Recommend Intervention,High
430,5.060899999999998,No Intervention,Standard
1173,5.060099999999997,No Intervention,Standard
1992,5.058099999999991,No Intervention,Standard
1438,5.055,No Intervention,Standard
951,5.051099999999998,No Intervention,Standard
2276,5.049499999999995,No Intervention,Standard
816,5.042599999999997,No Intervention,Standard
1518,5.041500000000013,No Intervention,Standard
2081,5.039099999999991,No Intervention,Standard
2370,5.024400000000004,No Intervention,Standard
2047,5.0235,No Intervention,Standard
1140,5.021600000000007,No Intervention,Standard
202,5.018900000000006,No Intervention,Standard
1428,5.008499999999995,No Intervention,Standard
3,5.005699999999996,No Intervention,Standard
2508,4.992599999999987,No Intervention,Standard
867,4.992000000000001,No Intervention,Standard
1035,4.984299999999999,No Intervention,Standard
1022,4.979699999999996,No Intervention,Standard
261,4.975000000000007,No Intervention,Standard
22,4.973400000000014,No Intervention,Standard
2306,4.972800000000003,No Intervention,Standard
352,4.971999999999996,No Intervention,Standard
2689,4.971899999999996,No Intervention,Standard
1037,4.96410000000002,No Intervention,Standard
1500,4.961900000000005,No Intervention,Standard
2680,4.960999999999997,No Intervention,Standard
1424,4.948099999999997,No Intervention,Standard
221,4.942100000000002,No Intervention,Standard
403,4.924900000000015,No Intervention,Standard
1977,4.920299999999989,No Intervention,Standard
522,4.918600000000017,No Intervention,Standard
288,4.913899999999998,No Intervention,Standard
428,4.912000000000004,No Intervention,Standard
2879,4.906899999999999,No Intervention,Standard
2851,4.900800000000004,No Intervention,Standard
2026,4.893900000000005,No Intervention,Standard
903,4.872199999999996,No Intervention,Standard
205,4.871600000000004,No Intervention,Standard
2956,4.86879999999999,No Intervention,Standard
554,4.847599999999989,No Intervention,Standard
2122,4.843999999999987,No Intervention,Standard
630,4.838400000000002,No Intervention,Standard
2827,4.835300000000002,No Intervention,Standard
2954,4.828400000000004,No Intervention,Standard
2357,4.822800000000003,No Intervention,Standard
2579,4.815800000000014,No Intervention,Standard
1789,4.803999999999979,No Intervention,Standard
2027,4.800499999999994,No Intervention,Standard
656,4.789999999999994,No Intervention,Standard
2184,4.788900000000004,No Intervention,Standard
1733,4.7809999999999935,No Intervention,Standard
2625,4.776699999999996,No Intervention,Standard
2659,4.774400000000002,No Intervention,Standard
2205,4.773999999999983,No Intervention,Standard
1985,4.756500000000003,No Intervention,Standard
4,4.7389000000000046,No Intervention,Standard
1933,4.738799999999992,No Intervention,Standard
2938,4.737900000000005,No Intervention,Standard
52,4.734799999999991,No Intervention,Standard
2595,4.731300000000001,No Intervention,Standard
2586,4.729799999999987,No Intervention,Standard
2228,4.726700000000005,No Intervention,Standard
2349,4.7262,No Intervention,Standard
1462,4.726100000000002,No Intervention,Standard
1543,4.705299999999999,No Intervention,Standard
1882,4.7005,No Intervention,Standard
1050,4.70029999999999,No Intervention,Standard
1687,4.687799999999996,No Intervention,Standard
1603,4.686100000000012,No Intervention,Standard
1108,4.680300000000003,No Intervention,Standard
2571,4.678499999999973,No Intervention,Standard
1262,4.677899999999992,No Intervention,Standard
2669,4.676999999999996,No Intervention,Standard
2701,4.676299999999992,No Intervention,Standard
2234,4.672000000000004,No Intervention,Standard
1069,4.670300000000001,No Intervention,Standard
1909,4.669899999999995,No Intervention,Standard
1772,4.663799999999993,No Intervention,Standard
62,4.657499999999999,No Intervention,Standard
2398,4.656099999999983,No Intervention,Standard
2246,4.653200000000004,No Intervention,Standard
2124,4.650399999999991,No Intervention,Standard
1224,4.641899999999991,No Intervention,Standard
1750,4.639200000000008,No Intervention,Standard
472,4.623099999999994,No Intervention,Standard
2691,4.621000000000002,No Intervention,Standard
841,4.60700000000001,No Intervention,Standard
1302,4.6057,No Intervention,Standard
2736,4.605499999999994,No Intervention,Standard
396,4.598000000000004,No Intervention,Standard
1757,4.5906,No Intervention,Standard
790,4.589500000000006,No Intervention,Standard
982,4.588500000000005,No Intervention,Standard
2461,4.578199999999995,No Intervention,Standard
2239,4.574900000000007,No Intervention,Standard
2354,4.5711,No Intervention,Standard
2132,4.554400000000001,No Intervention,Standard
689,4.551700000000003,No Intervention,Standard
1452,4.550300000000002,No Intervention,Standard
2236,4.546699999999998,No Intervention,Standard
1507,4.544500000000001,No Intervention,Standard
2294,4.532599999999992,No Intervention,Standard
2655,4.522800000000004,No Intervention,Standard
2758,4.5215,No Intervention,Standard
1986,4.5189999999999895,No Intervention,Standard
1742,4.512999999999984,No Intervention,Standard
1325,4.500399999999988,No Intervention,Standard
160,4.498799999999999,No Intervention,Standard
1969,4.493199999999982,No Intervention,Standard
2520,4.491699999999993,No Intervention,Standard
592,4.49,No Intervention,Standard
13,4.486999999999986,No Intervention,Standard
889,4.4852000000000025,No Intervention,Standard
1502,4.472999999999997,No Intervention,Standard
93,4.465900000000005,No Intervention,Standard
2619,4.460100000000001,No Intervention,Standard
1456,4.458000000000001,No Intervention,Standard
2540,4.456400000000008,No Intervention,Standard
1540,4.45089999999999,No Intervention,Standard
431,4.45020000000002,No Intervention,Standard
804,4.448200000000002,No Intervention,Standard
204,4.440199999999985,No Intervention,Standard
1287,4.439000000000007,No Intervention,Standard
316,4.427999999999996,No Intervention,Standard
1931,4.421399999999991,No Intervention,Standard
1612,4.413700000000004,No Intervention,Standard
2648,4.408499999999999,No Intervention,Standard
1404,4.407899999999994,No Intervention,Standard
2797,4.405000000000007,No Intervention,Standard
960,4.394799999999998,No Intervention,Standard
848,4.391599999999999,No Intervention,Standard
963,4.3833000000000055,No Intervention,Standard
1853,4.376300000000002,No Intervention,Standard
1790,4.36799999999999,No Intervention,Standard
1835,4.364800000000001,No Intervention,Standard
1099,4.362799999999995,No Intervention,Standard
2312,4.352200000000014,No Intervention,Standard
30,4.351799999999994,No Intervention,Standard
1475,4.348900000000009,No Intervention,Standard
1581,4.336800000000005,No Intervention,Standard
2637,4.33509999999999,No Intervention,Standard
2074,4.330299999999991,No Intervention,Standard
1627,4.329799999999995,No Intervention,Standard
1721,4.318700000000007,No Intervention,Standard
820,4.313800000000004,No Intervention,Standard
2350,4.301400000000012,No Intervention,Standard
1910,4.298200000000005,No Intervention,Standard
2411,4.2900999999999705,No Intervention,Standard
1801,4.284499999999994,No Intervention,Standard
1903,4.280199999999992,No Intervention,Standard
1709,4.278200000000004,No Intervention,Standard
2942,4.275599999999995,No Intervention,Standard
2526,4.272000000000001,No Intervention,Standard
949,4.2677000000000085,No Intervention,Standard
1370,4.259600000000001,No Intervention,Standard
2470,4.254700000000014,No Intervention,Standard
1571,4.2496000000000045,No Intervention,Standard
56,4.248900000000002,No Intervention,Standard
2849,4.248599999999998,No Intervention,Standard
1131,4.242500000000005,No Intervention,Standard
797,4.235800000000008,No Intervention,Standard
426,4.228199999999994,No Intervention,Standard
2630,4.225099999999998,No Intervention,Standard
1162,4.223899999999997,No Intervention,Standard
2108,4.212499999999995,No Intervention,Standard
1515,4.210899999999999,No Intervention,Standard
1449,4.210599999999996,No Intervention,Standard
880,4.203899999999999,No Intervention,Standard
631,4.193700000000003,No Intervention,Standard
2730,4.171400000000007,No Intervention,Standard
2667,4.168700000000008,No Intervention,Standard
698,4.16860000000001,No Intervention,Standard
1769,4.165600000000003,No Intervention,Standard
992,4.16499999999998,No Intervention,Standard
45,4.163799999999993,No Intervention,Standard
134,4.158999999999994,No Intervention,Standard
1492,4.1457000000000015,No Intervention,Standard
398,4.134099999999998,No Intervention,Standard
1816,4.133399999999991,No Intervention,Standard
246,4.109099999999993,No Intervention,Standard
1897,4.105099999999997,No Intervention,Standard
864,4.104599999999998,No Intervention,Standard
1248,4.100599999999995,No Intervention,Standard
2069,4.095900000000007,No Intervention,Standard
1787,4.093099999999996,No Intervention,Standard
1496,4.092200000000002,No Intervention,Standard
939,4.0906999999999965,No Intervention,Standard
593,4.088899999999986,No Intervention,Standard
495,4.080100000000007,No Intervention,Standard
713,4.077499999999995,No Intervention,Standard
2874,4.063300000000002,No Intervention,Standard
2207,4.060300000000009,No Intervention,Standard
2582,4.055300000000008,No Intervention,Standard
2939,4.053000000000006,No Intervention,Standard
348,4.047000000000001,No Intervention,Standard
2513,4.045000000000004,No Intervention,Standard
2890,4.042300000000004,No Intervention,Standard
2933,4.0366,No Intervention,Standard
1633,4.0239999999999885,No Intervention,Standard
2198,4.017199999999992,No Intervention,Standard
643,4.0159999999999965,No Intervention,Standard
2583,4.012700000000002,No Intervention,Standard
2094,4.003099999999998,No Intervention,Standard
1171,3.998599999999998,No Intervention,Standard
1884,3.9953999999999983,No Intervention,Standard
1961,3.994099999999996,No Intervention,Standard
2385,3.992300000000004,No Intervention,Standard
642,3.9777999999999984,No Intervention,Standard
2529,3.9745000000000097,No Intervention,Standard
2019,3.974299999999991,No Intervention,Standard
805,3.973499999999991,No Intervention,Standard
508,3.966399999999993,No Intervention,Standard
1716,3.958999999999998,No Intervention,Standard
2889,3.9569999999999954,No Intervention,Standard
2934,3.9491999999999976,No Intervention,Standard
612,3.9454999999999902,No Intervention,Standard
2262,3.939399999999999,No Intervention,Standard
2300,3.933699999999989,No Intervention,Standard
2146,3.9244999999999983,No Intervention,Standard
1459,3.9087000000000014,No Intervention,Standard
2888,3.908400000000018,No Intervention,Standard
746,3.9078999999999855,No Intervention,Standard
2752,3.906600000000008,No Intervention,Standard
2895,3.900500000000005,No Intervention,Standard
844,3.899799999999999,No Intervention,Standard
1762,3.899200000000002,No Intervention,Standard
1373,3.893499999999989,No Intervention,Standard
2030,3.892700000000003,No Intervention,Standard
386,3.8908999999999834,No Intervention,Standard
333,3.890499999999996,No Intervention,Standard
2415,3.8893999999999984,No Intervention,Standard
2209,3.884300000000007,No Intervention,Standard
2922,3.8811999999999927,No Intervention,Standard
1587,3.876499999999993,No Intervention,Standard
84,3.875099999999991,No Intervention,Standard
2527,3.8748999999999896,No Intervention,Standard
1707,3.8720000000000105,No Intervention,Standard
1771,3.8690000000000033,No Intervention,Standard
295,3.8665999999999983,No Intervention,Standard
2241,3.8657999999999983,No Intervention,Standard
2284,3.863400000000008,No Intervention,Standard
2724,3.8587000000000025,No Intervention,Standard
539,3.858599999999999,No Intervention,Standard
764,3.8575000000000177,No Intervention,Standard
519,3.855399999999999,No Intervention,Standard
1803,3.852399999999996,No Intervention,Standard
2603,3.848900000000007,No Intervention,Standard
2541,3.844699999999996,No Intervention,Standard
2264,3.844300000000004,No Intervention,Standard
1113,3.8333999999999993,No Intervention,Standard
227,3.825800000000001,No Intervention,Standard
534,3.8254000000000055,No Intervention,Standard
1061,3.8204000000000073,No Intervention,Standard
2679,3.819500000000019,No Intervention,Standard
2176,3.809299999999992,No Intervention,Standard
137,3.8024000000000058,No Intervention,Standard
1763,3.7943000000000096,No Intervention,Standard
1694,3.7917999999999834,No Intervention,Standard
2162,3.7803000000000058,No Intervention,Standard
2507,3.780099999999994,No Intervention,Standard
568,3.776699999999998,No Intervention,Standard
189,3.764699999999992,No Intervention,Standard
2167,3.746,No Intervention,Standard
2762,3.744199999999988,No Intervention,Standard
1780,3.741499999999986,No Intervention,Standard
711,3.7405999999999935,No Intervention,Standard
328,3.733100000000008,No Intervention,Standard
767,3.730400000000003,No Intervention,Standard
2677,3.728699999999997,No Intervention,Standard
681,3.725999999999999,No Intervention,Standard
646,3.724299999999991,No Intervention,Standard
558,3.724100000000005,No Intervention,Standard
1408,3.7228000000000048,No Intervention,Standard
1743,3.722499999999993,No Intervention,Standard
140,3.713299999999995,No Intervention,Standard
2425,3.7089,No Intervention,Standard
421,3.705899999999989,No Intervention,Standard
926,3.7001999999999953,No Intervention,Standard
273,3.6972,No Intervention,Standard
2490,3.693700000000007,No Intervention,Standard
1611,3.6875999999999873,No Intervention,Standard
2906,3.6654000000000018,No Intervention,Standard
270,3.659299999999997,No Intervention,Standard
2801,3.658700000000001,No Intervention,Standard
1134,3.650299999999982,No Intervention,Standard
1843,3.6473999999999975,No Intervention,Standard
1286,3.6343000000000014,No Intervention,Standard
1169,3.6332999999999984,No Intervention,Standard
154,3.6310000000000056,No Intervention,Standard
2792,3.627499999999975,No Intervention,Standard
2867,3.6266000000000087,No Intervention,Standard
969,3.612600000000002,No Intervention,Standard
1572,3.6081000000000154,No Intervention,Standard
1339,3.6080999999999994,No Intervention,Standard
2881,3.605500000000001,No Intervention,Standard
2295,3.599599999999983,No Intervention,Standard
1718,3.5974999999999966,No Intervention,Standard
2825,3.5938000000000017,No Intervention,Standard
1792,3.5856000000000154,No Intervention,Standard
317,3.5854000000000026,No Intervention,Standard
1385,3.5848000000000013,No Intervention,Standard
2355,3.5762999999999963,No Intervention,Standard
2961,3.5683000000000167,No Intervention,Standard
2602,3.5646999999999966,No Intervention,Standard
2991,3.5637000000000034,No Intervention,Standard
739,3.5556999999999874,No Intervention,Standard
176,3.551199999999997,No Intervention,Standard
2079,3.550399999999999,No Intervention,Standard
809,3.548999999999994,No Intervention,Standard
2795,3.54769999999999,No Intervention,Standard
2095,3.544699999999997,No Intervention,Standard
2719,3.537899999999997,No Intervention,Standard
2183,3.53300000000001,No Intervention,Standard
2670,3.531999999999991,No Intervention,Standard
1283,3.522599999999992,No Intervention,Standard
2839,3.518300000000016,No Intervention,Standard
1678,3.517699999999984,No Intervention,Standard
832,3.5174999999999983,No Intervention,Standard
2716,3.506,No Intervention,Standard
291,3.484800000000007,No Intervention,Standard
818,3.4754000000000094,No Intervention,Standard
355,3.47050000000001,No Intervention,Standard
824,3.4703999999999926,No Intervention,Standard
384,3.4695999999999856,No Intervention,Standard
2042,3.4661000000000044,No Intervention,Standard
2855,3.4635999999999942,No Intervention,Standard
579,3.452899999999996,No Intervention,Standard
2116,3.446400000000015,No Intervention,Standard
39,3.436600000000018,No Intervention,Standard
2845,3.4288000000000043,No Intervention,Standard
10,3.428399999999991,No Intervention,Standard
64,3.425200000000009,No Intervention,Standard
422,3.4231000000000105,No Intervention,Standard
1563,3.4050000000000136,No Intervention,Standard
2785,3.4004999999999974,No Intervention,Standard
1020,3.398199999999997,No Intervention,Standard
2036,3.383699999999985,No Intervention,Standard
2573,3.383399999999998,No Intervention,Standard
2919,3.37319999999999,No Intervention,Standard
2138,3.364199999999986,No Intervention,Standard
2029,3.352000000000009,No Intervention,Standard
1316,3.3276999999999948,No Intervention,Standard
397,3.3260000000000094,No Intervention,Standard
1293,3.320499999999996,No Intervention,Standard
2568,3.3145999999999862,No Intervention,Standard
2560,3.312700000000006,No Intervention,Standard
692,3.3068000000000115,No Intervention,Standard
1578,3.3058999999999887,No Intervention,Standard
602,3.302500000000003,No Intervention,Standard
1655,3.3005999999999998,No Intervention,Standard
2105,3.2956000000000127,No Intervention,Standard
2332,3.2908999999999957,No Intervention,Standard
2853,3.2601000000000173,No Intervention,Standard
2359,3.258700000000008,No Intervention,Standard
1550,3.2573000000000043,No Intervention,Standard
1646,3.257000000000005,No Intervention,Standard
1966,3.2445999999999917,No Intervention,Standard
2854,3.220999999999991,No Intervention,Standard
543,3.2206000000000063,No Intervention,Standard
1186,3.204900000000002,No Intervention,Standard
1298,3.2046000000000063,No Intervention,Standard
2741,3.195499999999985,No Intervention,Standard
425,3.1946000000000137,No Intervention,Standard
490,3.1844,No Intervention,Standard
2834,3.183699999999999,No Intervention,Standard
955,3.177200000000008,No Intervention,Standard
585,3.1674999999999827,No Intervention,Standard
2962,3.1640000000000104,No Intervention,Standard
200,3.1592999999999947,No Intervention,Standard
996,3.146699999999996,No Intervention,Standard
2033,3.145699999999998,No Intervention,Standard
2551,3.1327999999999765,No Intervention,Standard
2929,3.1221999999999905,No Intervention,Standard
1400,3.115400000000003,No Intervention,Standard
1422,3.1151000000000035,No Intervention,Standard
1031,3.100799999999998,No Intervention,Standard
775,3.097699999999985,No Intervention,Standard
1749,3.085199999999997,No Intervention,Standard
610,3.076100000000002,No Intervention,Standard
41,3.072200000000008,No Intervention,Standard
29,3.0192999999999817,No Intervention,Standard
754,3.0124999999999837,No Intervention,Standard
2373,3.0051000000000005,No Intervention,Standard
1272,2.969200000000008,No Intervention,Standard
1849,2.9609999999999967,No Intervention,Standard
1028,2.9434999999999985,No Intervention,Standard
2860,2.9132,No Intervention,Standard
2577,2.896100000000004,No Intervention,Standard
2320,2.894399999999976,No Intervention,Standard
2145,2.8887999999999856,No Intervention,Standard
215,2.8467,No Intervention,Standard
2004,2.8282000000000167,No Intervention,Standard
432,2.8247000000000053,No Intervention,Standard
1089,2.8160999999999934,No Intervention,Standard
2015,2.759600000000006,No Intervention,Standard
1812,2.7484999999999857,No Intervention,Standard
2575,2.7399999999999967,No Intervention,Standard
18,2.736900000000018,No Intervention,Standard
2781,2.734700000000004,No Intervention,Standard
1745,2.733399999999996,No Intervention,Standard
1442,2.725399999999995,No Intervention,Standard
2480,2.708499999999999,No Intervention,Standard
2598,2.7083999999999997,No Intervention,Standard
1734,2.7074000000000105,No Intervention,Standard
1889,2.688200000000018,No Intervention,Standard
1206,2.6865000000000325,No Intervention,Standard
1957,2.683900000000005,No Intervention,Standard
1598,2.683399999999998,No Intervention,Standard
1918,2.679200000000004,No Intervention,Standard
2455,2.628299999999994,No Intervention,Standard
1532,2.5939999999999994,No Intervention,Standard
1095,2.575299999999995,No Intervention,Standard
2018,2.5648,No Intervention,Standard
2829,2.557699999999997,No Intervention,Standard
1566,2.554400000000012,No Intervention,Standard
2542,2.543900000000012,No Intervention,Standard
152,2.5338000000000065,No Intervention,Standard
1965,2.513099999999985,No Intervention,Standard
2963,2.507400000000004,No Intervention,Standard
2317,2.4976999999999965,No Intervention,Standard
143,2.4957000000000136,No Intervention,Standard
1132,2.465699999999988,No Intervention,Standard
244,2.450699999999994,No Intervention,Standard
2822,2.4479999999999986,No Intervention,Standard
374,2.397400000000013,No Intervention,Standard
1620,2.322600000000005,No Intervention,Standard
471,2.3176000000000023,No Intervention,Standard
218,2.2870000000000097,No Intervention,Standard
2454,2.2551999999999914,No Intervention,Standard
1488,2.2154999999999863,No Intervention,Standard
122,2.205500000000006,No Intervention,Standard
1382,2.191600000000008,No Intervention,Standard
2941,2.1790999999999894,No Intervention,Standard
2386,2.146000000000001,No Intervention,Standard
1814,2.145399999999997,No Intervention,Standard
1904,2.1200999999999954,No Intervention,Standard
313,2.114000000000008,No Intervention,Standard
1175,2.0892000000000017,No Intervention,Standard
877,2.060900000000005,No Intervention,Standard
909,1.9936999999999951,No Intervention,Standard
1674,1.9914999999999967,No Intervention,Standard
65,1.9563999999999933,No Intervention,Standard
1936,1.9460000000000013,No Intervention,Standard
705,1.8431000000000068,No Intervention,Standard
1139,1.756700000000002,No Intervention,Standard
1906,1.5778000000000103,No Intervention,Standard
888,1.5120999999999911,No Intervention,Standard
2404,1.0256999999999934,No Intervention,Standard
2837,0.9006999999999943,No Intervention,Standard
