rank,target_percentage,qini_gain,random_baseline
1,0.16666666666666669,0.0,2.021725938189844
2,0.33333333333333337,0.0,4.043451876379688
3,0.5,0.0,6.065177814569531
4,0.6666666666666667,0.0,8.086903752759376
5,0.8333333333333334,7.3925,10.108629690949218
6,1.0,16.965,12.130355629139062
7,1.1666666666666667,25.487500000000004,14.152081567328906
8,1.3333333333333335,26.60800000000001,16.173807505518752
9,1.5,24.47500000000001,18.195533443708594
10,1.6666666666666667,24.01857142857144,20.217259381898437
11,1.8333333333333333,29.12142857142858,22.238985320088283
12,2.0,27.635000000000005,24.260711258278125
13,2.166666666666667,27.403333333333336,26.282437196467974
14,2.3333333333333335,26.578000000000003,28.304163134657813
15,2.5,30.385000000000005,30.32588907284766
16,2.666666666666667,27.692000000000007,32.347615011037504
17,2.833333333333333,26.220909090909103,34.36934094922734
18,3.0,29.52272727272728,36.39106688741719
19,3.166666666666667,25.117499999999993,38.412792825607035
20,3.3333333333333335,27.695384615384626,40.43451876379687
21,3.5000000000000004,30.676153846153852,42.45624470198672
22,3.6666666666666665,35.596923076923076,44.477970640176565
23,3.833333333333333,35.647692307692296,46.499696578366404
24,4.0,32.52571428571426,48.52142251655625
25,4.166666666666666,33.56,50.54314845474608
26,4.333333333333334,33.37749999999997,52.56487439293595
27,4.5,37.121249999999975,54.58660033112578
28,4.666666666666667,37.974999999999966,56.608326269315626
29,4.833333333333333,38.840588235294064,58.630052207505464
30,5.0,42.71647058823527,60.65177814569532
31,5.166666666666667,43.838888888888874,62.673504083885156
32,5.333333333333334,43.75111111111107,64.69523002207501
33,5.5,43.31473684210525,66.71695596026484
34,5.666666666666666,50.41578947368416,68.73868189845469
35,5.833333333333333,52.03684210526313,70.76040783664452
36,6.0,52.33999999999995,72.78213377483438
37,6.166666666666667,50.52666666666664,74.80385971302422
38,6.333333333333334,50.103333333333296,76.82558565121407
39,6.5,47.21999999999997,78.8473115894039
40,6.666666666666667,55.01666666666665,80.86903752759375
41,6.833333333333333,56.39272727272723,82.89076346578359
42,7.000000000000001,59.73086956521735,84.91248940397344
43,7.166666666666667,60.764166666666654,86.93421534216328
44,7.333333333333333,63.21199999999996,88.95594128035313
45,7.5,63.03076923076921,90.97766721854296
46,7.666666666666666,69.73923076923074,92.99939315673281
47,7.833333333333334,69.08111111111111,95.02111909492267
48,8.0,74.22666666666669,97.0428450331125
49,8.166666666666666,79.42222222222222,99.06457097130235
50,8.333333333333332,79.16777777777781,101.08629690949216
51,8.5,80.7978571428572,103.10802284768204
52,8.666666666666668,78.52428571428572,105.1297487858719
53,8.833333333333334,78.33689655172418,107.15147472406171
54,9.0,76.37,109.17320066225156
55,9.166666666666666,81.74666666666667,111.19492660044139
56,9.333333333333334,84.34333333333336,113.21665253863125
57,9.5,86.67000000000002,115.2383784768211
58,9.666666666666666,87.9666666666667,117.26010441501093
59,9.833333333333332,86.42333333333335,119.28183035320077
60,10.0,93.423870967742,121.30355629139063
61,10.166666666666666,104.221935483871,123.32528222958045
62,10.333333333333334,111.38000000000005,125.34700816777031
63,10.5,119.58718750000003,127.36873410596014
64,10.666666666666668,125.66000000000003,129.39046004415002
65,10.833333333333334,120.92515151515153,131.41218598233985
66,11.0,119.60294117647061,133.43391192052968
67,11.166666666666666,125.87647058823529,135.4556378587195
68,11.333333333333332,132.45000000000005,137.47736379690937
69,11.5,141.85352941176478,139.49908973509923
70,11.666666666666666,149.31705882352946,141.52081567328904
71,11.833333333333334,153.17058823529425,143.54254161147892
72,12.0,151.8982857142858,145.56426754966876
73,12.166666666666668,155.866388888889,147.5859934878586
74,12.333333333333334,154.94000000000005,149.60771942604845
75,12.5,158.8113513513515,151.62944536423828
76,12.666666666666668,154.0527027027029,153.65117130242814
77,12.833333333333332,153.17405405405424,155.67289724061797
78,13.0,157.4778947368423,157.6946231788078
79,13.166666666666666,159.09684210526336,159.71634911699763
80,13.333333333333334,155.5457894736843,161.7380750551875
81,13.5,154.92230769230787,163.75980099337735
82,13.666666666666666,157.29100000000017,165.78152693156719
83,13.833333333333334,163.9915000000002,167.80325286975705
84,14.000000000000002,164.0119512195123,169.82497880794688
85,14.166666666666666,167.69666666666683,171.8467047461367
86,14.333333333333334,165.73333333333335,173.86843068432657
87,14.499999999999998,165.96000000000015,175.8901566225164
88,14.666666666666666,165.0425581395349,177.91188256070626
89,14.833333333333334,162.8577272727274,179.9336084988961
90,15.0,162.0200000000001,181.95533443708592
91,15.166666666666668,165.94911111111128,183.97706037527578
92,15.333333333333332,167.2700000000001,185.99878631346562
93,15.5,168.8678260869566,188.02051225165548
94,15.666666666666668,165.55565217391313,190.04223818984534
95,15.833333333333332,167.02347826086964,192.06396412803514
96,16.0,168.6813043478262,194.085690066225
97,16.166666666666664,169.05595744680863,196.10741600441483
98,16.333333333333332,174.32125000000008,198.1291419426047
99,16.5,170.9736734693878,200.15086788079455
100,16.666666666666664,169.54000000000008,202.17259381898432
101,16.833333333333332,165.85862745098052,204.1943197571742
102,17.0,173.1300000000001,206.21604569536407
103,17.166666666666668,177.24137254901984,208.23777163355393
104,17.333333333333336,183.87274509803933,210.2594975717438
105,17.5,186.21411764705897,212.28122350993357
106,17.666666666666668,187.87549019607866,214.30294944812343
107,17.833333333333336,192.39038461538473,216.3246753863133
108,18.0,190.2738461538463,218.34640132450312
109,18.166666666666668,193.86264150943407,220.36812726269298
110,18.333333333333332,193.16000000000008,222.38985320088278
111,18.5,199.865,224.41157913907264
112,18.666666666666668,207.8499999999999,226.4333050772625
113,18.833333333333332,207.92909090909097,228.45503101545233
114,19.0,207.0254545454544,230.4767569536422
115,19.166666666666668,206.72374999999988,232.49848289183205
116,19.333333333333332,207.40499999999997,234.52020883002186
117,19.5,206.71624999999995,236.54193476821172
118,19.666666666666664,213.50749999999982,238.56366070640155
119,19.833333333333332,209.40543859649108,240.5853866445914
120,20.0,214.1996551724137,242.60711258278127
121,20.166666666666664,216.90830508474562,244.62883852097104
122,20.333333333333332,213.2336666666664,246.6505644591609
123,20.5,213.24049999999988,248.67229039735076
124,20.666666666666668,219.69868852459,250.69401633554062
125,20.833333333333336,223.56803278688506,252.7157422737305
126,21.0,222.9493548387095,254.7374682119203
127,21.166666666666668,219.54650793650774,256.75919415011015
128,21.333333333333336,221.7130158730156,258.78092008830004
129,21.5,221.9595238095236,260.8026460264898
130,21.666666666666668,226.3768749999998,262.8243719646797
131,21.833333333333332,228.33307692307687,264.84609790286953
132,22.0,234.06615384615384,266.86782384105936
133,22.166666666666668,234.7228787878788,268.88954977924925
134,22.333333333333332,239.85575757575748,270.911275717439
135,22.5,238.7567164179103,272.9330016556289
136,22.666666666666664,236.08999999999992,274.95472759381875
137,22.833333333333332,236.85130434782593,276.9764535320086
138,23.0,240.13599999999985,278.99817947019847
139,23.166666666666664,240.4166197183098,281.01990540838824
140,23.333333333333332,240.67055555555555,283.0416313465781
141,23.5,245.74541666666653,285.06335728476796
142,23.666666666666668,248.51972602739716,287.08508322295785
143,23.833333333333336,244.98108108108102,289.1068091611477
144,24.0,246.11839999999984,291.1285350993375
145,24.166666666666668,246.4986666666665,293.15026103752734
146,24.333333333333336,245.01893333333328,295.1719869757172
147,24.5,244.4892000000001,297.193712913907
148,24.666666666666668,245.54946666666672,299.2154388520969
149,24.833333333333332,248.92973333333327,301.2371647902867
150,25.0,251.87973684210522,303.25889072847656
151,25.166666666666664,264.34986842105263,305.2806166666664
152,25.333333333333336,265.6646753246753,307.3023426048563
153,25.5,267.5996153846153,309.3240685430461
154,25.666666666666664,270.35307692307674,311.34579448123594
155,25.833333333333336,273.1011392405061,313.36752041942583
156,26.0,279.56075949367073,315.3892463576156
157,26.166666666666664,287.3603797468352,317.41097229580544
158,26.333333333333332,293.1699999999996,319.43269823399527
159,26.5,295.74962025316427,321.45442417218516
160,26.666666666666668,299.8399999999997,323.476150110375
161,26.833333333333332,301.4688888888886,325.4978760485648
162,27.0,303.1653658536583,327.5196019867547
163,27.166666666666668,307.197682926829,329.54132792494454
164,27.333333333333332,311.0399999999996,331.56305386313437
165,27.500000000000004,308.9728915662648,333.58477980132426
166,27.666666666666668,303.85071428571393,335.6065057395141
167,27.833333333333332,303.2953571428568,337.62823167770387
168,28.000000000000004,310.7299999999997,339.64995761589375
169,28.166666666666668,311.5546428571424,341.6716835540836
170,28.333333333333332,314.37999999999954,343.6934094922734
171,28.499999999999996,311.56788235294084,345.71513543046325
172,28.666666666666668,315.7099999999996,347.73686136865314
173,28.833333333333332,314.5860465116273,349.75858730684297
174,28.999999999999996,315.6799999999996,351.7803132450328
175,29.166666666666668,312.5473863636362,353.8020391832227
176,29.333333333333332,312.0169662921346,355.8237651214125
177,29.5,314.30348314606726,357.8454910596023
178,29.666666666666668,311.58866666666654,359.8672169977922
179,29.833333333333336,311.02230769230755,361.888942935982
180,30.0,319.79153846153827,363.91066887417185
181,30.166666666666668,322.65076923076913,365.93239481236174
182,30.333333333333336,322.514565217391,367.95412075055157
183,30.5,327.93228260869546,369.9758466887414
184,30.666666666666664,332.2099999999998,371.99757262693123
185,30.833333333333336,331.866021505376,374.0192985651211
186,31.0,336.02999999999975,376.04102450331095
187,31.166666666666664,339.98397849462344,378.0627504415007
188,31.333333333333336,352.0979569892472,380.08447637969067
189,31.5,355.64193548387084,382.10620231788045
190,31.666666666666664,365.2259139784944,384.1279282560703
191,31.833333333333336,361.7442553191486,386.14965419426017
192,32.0,364.60234042553157,388.17138013245
193,32.166666666666664,362.0459999999996,390.19310607063983
194,32.33333333333333,361.42124999999965,392.21483200882966
195,32.5,358.3745360824739,394.23655794701955
196,32.666666666666664,352.25999999999976,396.2582838852094
197,32.83333333333333,355.61363636363603,398.2800098233992
198,33.0,360.3399999999999,400.3017357615891
199,33.166666666666664,364.03629999999976,402.3234616997789
200,33.33333333333333,370.3499999999999,404.34518763796865
201,33.5,373.7423762376236,406.3669135761586
202,33.666666666666664,375.40156862745084,408.3886395143484
203,33.83333333333333,378.00578431372537,410.4103654525382
204,34.0,381.3299999999999,412.43209139072815
205,34.166666666666664,380.28421568627436,414.4538173289179
206,34.333333333333336,384.70843137254906,416.47554326710787
207,34.5,385.28980582524264,418.49726920529764
208,34.66666666666667,381.24,420.5189951434876
209,34.833333333333336,378.68371428571413,422.5407210816774
210,35.0,380.6790566037737,424.56244701986714
211,35.16666666666667,382.47186915887846,426.58417295805714
212,35.333333333333336,386.76457943925243,428.60589889624686
213,35.5,394.37728971962633,430.6276248344367
214,35.66666666666667,393.33000000000015,432.6493507726266
215,35.833333333333336,393.98120370370384,434.6710767108164
216,36.0,389.1330275229359,436.69280264900624
217,36.16666666666667,392.08672727272733,438.7145285871961
218,36.333333333333336,395.89333333333343,440.73625452538596
219,36.5,394.57000000000016,442.7579804635758
220,36.666666666666664,395.1132142857143,444.77970640176557
221,36.833333333333336,394.1940707964602,446.80143233995545
222,37.0,389.2173684210529,448.8231582781453
223,37.166666666666664,384.4774782608697,450.8448842163351
224,37.333333333333336,383.30137931034506,452.866610154525
225,37.5,389.37370689655177,454.88833609271484
226,37.666666666666664,387.62008547008554,456.91006203090467
227,37.833333333333336,391.5124576271189,458.93178796909456
228,38.0,397.3453781512608,460.9535139072844
229,38.166666666666664,398.5308403361346,462.9752398454742
230,38.333333333333336,403.5491666666667,464.9969657836641
231,38.5,404.24025000000006,467.0186917218539
232,38.666666666666664,406.02809917355376,469.0404176600437
233,38.83333333333333,413.5552892561984,471.06214359823355
234,39.0,411.8324793388431,473.08386953642344
235,39.166666666666664,413.23966942148763,475.10559547461327
236,39.33333333333333,414.92685950413215,477.1273214128031
237,39.5,419.80404958677696,479.149047350993
238,39.666666666666664,420.0812396694216,481.1707732891828
239,39.83333333333333,421.69508196721335,483.19249922737254
240,40.0,419.81073170731725,485.21422516556254
241,40.166666666666664,416.7395967741936,487.23595110375226
242,40.33333333333333,420.0382258064517,489.2576770419421
243,40.5,416.6883200000002,491.27940298013203
244,40.666666666666664,416.75856000000044,493.3011289183218
245,40.833333333333336,416.2688000000003,495.32285485651175
246,41.0,423.0876190476192,497.3445807947015
247,41.16666666666667,427.7546825396828,499.3663067328915
248,41.333333333333336,428.19174603174633,501.38803267108125
249,41.5,429.35692913385856,503.4097586092711
250,41.66666666666667,429.5031250000002,505.431484547461
251,41.833333333333336,435.4909375000002,507.4532104856508
252,42.0,440.1460465116279,509.4749364238406
253,42.16666666666667,445.81170542635664,511.49666236203046
254,42.333333333333336,441.07523076923076,513.5183883002203
255,42.5,443.71269230769235,515.5401142384102
256,42.66666666666667,441.96893129771024,517.5618401766001
257,42.833333333333336,440.72507575757595,519.5835661147898
258,43.0,436.4548120300756,521.6052920529796
259,43.166666666666664,437.3882089552244,523.6270179911695
260,43.333333333333336,444.6250746268661,525.6487439293594
261,43.5,447.8200000000004,527.6704698675492
262,43.666666666666664,447.9122222222227,529.6921958057391
263,43.833333333333336,459.37444444444486,531.713921743929
264,44.0,464.43666666666695,533.7356476821187
265,44.166666666666664,465.28823529411807,535.7573736203086
266,44.333333333333336,465.2770588235296,537.7790995584985
267,44.5,464.20591240875933,539.8008254966883
268,44.666666666666664,468.9464963503651,541.822551434878
269,44.83333333333333,471.75708029197085,543.8442773730679
270,45.0,474.5113043478259,545.8660033112578
271,45.166666666666664,477.8051798561153,547.8877292494476
272,45.33333333333333,483.691582733813,549.9094551876375
273,45.5,480.77798561151076,551.9311811258274
274,45.666666666666664,476.8571428571429,553.9529070640172
275,45.83333333333333,477.47428571428577,555.9746330022069
276,46.0,480.50142857142873,557.9963589403969
277,46.166666666666664,485.0185714285715,560.0180848785867
278,46.33333333333333,483.99141843971665,562.0398108167765
279,46.5,496.6410638297873,564.0615367549665
280,46.666666666666664,504.47070921985824,566.0832626931561
281,46.833333333333336,512.6103546099293,568.1049886313461
282,47.0,514.8487323943664,570.1267145695359
283,47.16666666666667,521.1643661971832,572.1484405077258
284,47.333333333333336,524.6700000000001,574.1701664459157
285,47.5,528.1056338028168,576.1918923841055
286,47.66666666666667,528.2612676056337,578.2136183222954
287,47.833333333333336,530.2796503496502,580.2353442604851
288,48.0,532.5799999999999,582.257070198675
289,48.16666666666667,537.0533103448274,584.2787961368649
290,48.333333333333336,542.1999999999998,586.3005220750547
291,48.5,541.8060273972603,588.3222480132445
292,48.66666666666667,549.9000000000001,590.3439739514344
293,48.833333333333336,550.7005442176871,592.3656998896242
294,49.0,550.8600000000001,594.387425827814
295,49.166666666666664,558.6177702702703,596.4091517660039
296,49.333333333333336,561.95,598.4308777041938
297,49.5,565.2222297297299,600.4526036423836
298,49.666666666666664,566.48,602.4743295805735
299,49.833333333333336,562.9706711409394,604.4960555187633
300,50.0,563.94,606.5177814569531
301,50.16666666666667,563.615033112583,608.539507395143
302,50.33333333333333,564.8699999999999,610.5612333333328
303,50.5,562.8186184210524,612.5829592715227
304,50.66666666666667,566.5399999999997,614.6046852097126
305,50.83333333333333,571.9629411764702,616.6264111479023
306,51.0,576.8599999999999,618.6481370860922
307,51.16666666666667,577.4170588235295,620.6698630242821
308,51.33333333333333,581.9099999999999,622.6915889624719
309,51.5,588.3817419354839,624.7133149006618
310,51.66666666666667,594.5399999999997,626.7350408388517
311,51.83333333333333,599.768258064516,628.7567667770413
312,52.0,605.4065161290316,630.7784927152312
313,52.166666666666664,604.5729487179481,632.800218653421
314,52.33333333333333,601.3899999999994,634.8219445916109
315,52.5,605.7992405063285,636.8436705298008
316,52.666666666666664,614.0533333333326,638.8653964679905
317,52.83333333333333,620.216666666666,640.8871224061804
318,53.0,627.5504999999994,642.9088483443703
319,53.166666666666664,632.7302499999992,644.9305742825601
320,53.333333333333336,636.5299999999995,646.95230022075
321,53.5,633.350124223602,648.9740261589399
322,53.666666666666664,639.8399999999992,650.9957520971296
323,53.833333333333336,637.9419135802461,653.0174780353195
324,54.0,644.9369325153366,655.0392039735094
325,54.166666666666664,650.1286585365845,657.0609299116992
326,54.333333333333336,648.3393333333324,659.0826558498891
327,54.50000000000001,650.5092771084328,661.104381788079
328,54.666666666666664,653.6751497005976,663.1261077262687
329,54.833333333333336,659.150958083831,665.1478336644586
330,55.00000000000001,664.6803571428557,667.1695596026485
331,55.166666666666664,666.1402976190464,669.1912855408383
332,55.333333333333336,665.5702380952368,671.2130114790282
333,55.50000000000001,672.1201785714272,673.2347374172181
334,55.666666666666664,670.3042603550282,675.2564633554077
335,55.833333333333336,673.7023529411751,677.2781892935976
336,56.00000000000001,681.70188235294,679.2999152317875
337,56.166666666666664,689.9214117647048,681.3216411699773
338,56.333333333333336,692.4509411764693,683.3433671081672
339,56.49999999999999,692.2843859649113,685.365093046357
340,56.666666666666664,697.4129239766071,687.3868189845468
341,56.833333333333336,702.3314619883031,689.4085449227367
342,56.99999999999999,706.8596511627895,691.4302708609265
343,57.166666666666664,712.8148255813944,693.4519967991164
344,57.333333333333336,719.589999999999,695.4737227373063
345,57.49999999999999,726.5543352601148,697.495448675496
346,57.666666666666664,722.4167816091945,699.5171746136859
347,57.833333333333336,721.0686857142846,701.5389005518758
348,57.99999999999999,717.3220454545444,703.5606264900656
349,58.166666666666664,723.354034090908,705.5823524282555
350,58.333333333333336,723.0295480225977,707.6040783664454
351,58.5,727.762640449437,709.6258043046352
352,58.666666666666664,728.1226815642447,711.647530242825
353,58.833333333333336,728.3249444444434,713.6692561810149
354,59.0,733.2256666666656,715.6909821192046
355,59.166666666666664,739.2863888888878,717.7127080573945
356,59.333333333333336,747.3105524861867,719.7344339955844
357,59.5,755.3171270718219,721.7561599337741
358,59.66666666666667,755.4937016574574,723.777885871964
359,59.833333333333336,753.7659340659329,725.7996118101539
360,60.0,751.9990163934415,727.8213377483437
361,60.16666666666667,758.2558469945343,729.8430636865336
362,60.333333333333336,765.0926775956273,731.8647896247235
363,60.5,770.0474456521724,733.8865155629132
364,60.66666666666667,770.0919565217378,735.9082415011031
365,60.83333333333333,774.2864673913027,737.9299674392929
366,61.0,779.0209782608681,739.9516933774828
367,61.16666666666667,777.8950270270252,741.9734193156727
368,61.33333333333333,779.9710752688156,743.9951452538625
369,61.5,776.6233155080199,746.0168711920523
370,61.66666666666667,782.962978723403,748.0385971302422
371,61.83333333333333,780.2414814814802,750.060323068432
372,62.0,780.9683157894724,752.0820490066219
373,62.16666666666667,778.7535263157883,754.1037749448118
374,62.33333333333333,776.8993717277481,756.1255008830015
375,62.5,779.6244502617792,758.1472268211915
376,62.66666666666667,782.9354166666658,760.1689527593813
377,62.83333333333333,785.926062176165,762.190678697571
378,63.0,789.2083505154628,764.2124046357609
379,63.16666666666667,790.2961538461527,766.2341305739508
380,63.33333333333333,793.3392307692293,768.2558565121406
381,63.5,792.1323076923059,770.2775824503304
382,63.66666666666667,790.990612244896,772.2993083885203
383,63.83333333333333,788.8691370558358,774.3210343267101
384,64.0,794.79467005076,776.3427602649
385,64.16666666666667,794.7202030456833,778.3644862030899
386,64.33333333333333,796.205736040607,780.3862121412797
387,64.5,800.9412690355307,782.4079380794695
388,64.66666666666666,808.5768020304545,784.4296640176593
389,64.83333333333333,816.5723350253784,786.4513899558492
390,65.0,820.6078680203022,788.4731158940391
391,65.16666666666666,821.1580808080785,790.4948418322289
392,65.33333333333333,816.8535175879374,792.5165677704188
393,65.5,819.9452999999976,794.5382937086086
394,65.66666666666666,820.6250248756191,796.5600196467984
395,65.83333333333333,824.9606467661665,798.5817455849883
396,66.0,819.5482178217799,800.6034715231782
397,66.16666666666666,817.6295073891597,802.6251974613679
398,66.33333333333333,820.4573399014753,804.6469233995577
399,66.5,822.7057352941147,806.6686493377476
400,66.66666666666666,826.4636585365829,808.6903752759373
401,66.83333333333333,823.7922926829242,810.7121012141273
402,67.0,829.0209268292656,812.7338271523172
403,67.16666666666666,827.769560975607,814.7555530905069
404,67.33333333333333,832.1981951219486,816.7772790286969
405,67.5,837.9068292682896,818.7990049668867
406,67.66666666666666,844.2854634146311,820.8207309050764
407,67.83333333333333,845.0440975609727,822.8424568432663
408,68.0,847.6627317073144,824.8641827814563
409,68.16666666666666,851.6353883495117,826.885908719646
410,68.33333333333333,857.2835922330069,828.9076346578358
411,68.5,859.5027536231855,830.9293605960258
412,68.66666666666667,857.7971153846129,832.9510865342157
413,68.83333333333333,854.4875119617195,834.9728124724054
414,69.0,853.6865714285686,836.9945384105953
415,69.16666666666667,851.0949289099499,839.0162643487853
416,69.33333333333334,845.6698113207517,841.0379902869752
417,69.5,850.001084905658,843.0597162251647
418,69.66666666666667,853.763004694833,845.0814421633548
419,69.83333333333334,855.132629107979,847.1031681015447
420,70.0,856.3822535211239,849.1248940397343
421,70.16666666666667,856.7888785046698,851.1466199779242
422,70.33333333333334,860.890467289717,853.1683459161143
423,70.5,862.2820560747637,855.1900718543038
424,70.66666666666667,866.1736448598108,857.2117977924937
425,70.83333333333334,872.1652336448574,859.2335237306837
426,71.0,869.5368224299041,861.2552496688734
427,71.16666666666667,873.4184112149505,863.2769756070633
428,71.33333333333334,872.9699999999975,865.2987015452532
429,71.5,875.7354883720905,867.3204274834429
430,71.66666666666667,880.2899999999977,869.3421534216328
431,71.83333333333334,881.9945116279041,871.3638793598227
432,72.0,889.6799999999976,873.3856052980125
433,72.16666666666667,892.9647004608273,875.4073312362024
434,72.33333333333334,897.1209174311903,877.4290571743923
435,72.5,894.9954587155939,879.450783112582
436,72.66666666666667,895.4467579908655,881.4725090507719
437,72.83333333333334,893.4733789954316,883.4942349889618
438,73.0,897.469999999998,885.5159609271516
439,73.16666666666667,898.7666210045641,887.5376868653415
440,73.33333333333333,898.7499999999977,889.5594128035311
441,73.5,897.5090950226222,891.581138741721
442,73.66666666666667,901.4226126126105,893.6028646799109
443,73.83333333333333,906.3665022421501,895.6245906181007
444,74.0,910.1676681614326,897.6463165562906
445,74.16666666666667,910.7488340807149,899.6680424944805
446,74.33333333333333,909.8557142857117,901.6897684326702
447,74.5,910.1628571428541,903.7114943708601
448,74.66666666666667,909.6299999999974,905.73322030905
449,74.83333333333333,914.25714285714,907.7549462472398
450,75.0,916.9899999999975,909.7766721854297
451,75.16666666666667,915.6168141592898,911.7983981236196
452,75.33333333333333,917.0999999999976,913.8201240618093
453,75.5,913.6719823788526,915.8418499999992
454,75.66666666666667,919.7599999999975,917.8635759381891
455,75.83333333333333,917.4720614035064,919.8853018763789
456,76.0,917.9499999999975,921.9070278145688
457,76.16666666666667,922.5419213973773,923.9287537527587
458,76.33333333333333,926.4297391304322,925.9504796909484
459,76.5,927.2142857142835,927.9722056291383
460,76.66666666666667,929.6028571428546,929.9939315673282
461,76.83333333333333,930.4728879310323,932.0156575055179
462,77.0,929.6744635193108,934.0373834437078
463,77.16666666666666,933.5933476394825,936.0591093818975
464,77.33333333333333,931.3337606837586,938.0808353200874
465,77.5,929.052820512818,940.1025612582773
466,77.66666666666666,924.5222127659554,942.1242871964671
467,77.83333333333333,927.1516595744661,944.146013134657
468,78.0,934.0411063829765,946.1677390728469
469,78.16666666666666,938.3405531914873,948.1894650110366
470,78.33333333333333,942.217966101693,950.2111909492265
471,78.5,943.3939830508452,952.2329168874164
472,78.66666666666666,939.6002531645549,954.2546428256062
473,78.83333333333333,942.3058403361324,956.2763687637961
474,79.0,946.9553138075298,958.298094701986
475,79.16666666666666,953.886485355647,960.3198206401756
476,79.33333333333333,958.0976569037639,962.3415465783656
477,79.5,959.298828451881,964.3632725165555
478,79.66666666666666,954.5773333333314,966.3849984547451
479,79.83333333333333,961.3386666666652,968.4067243929352
480,80.0,956.5077593360979,970.4284503311251
481,80.16666666666666,951.4402479338828,972.4501762693146
482,80.33333333333333,952.0894650205751,974.4719022075045
483,80.5,956.2595901639329,976.4936281456946
484,80.66666666666666,957.1667346938762,978.5153540838842
485,80.83333333333333,953.8906122448966,980.5370800220741
486,81.0,956.6380487804863,982.5588059602641
487,81.16666666666667,958.7533739837381,984.580531898454
488,81.33333333333333,965.1586991869904,986.6022578366436
489,81.5,962.0280566801603,988.6239837748335
490,81.66666666666667,964.6213709677404,990.6457097130235
491,81.83333333333334,966.8634136546166,992.6674356512134
492,82.0,972.1076799999983,994.689161589403
493,82.16666666666667,966.1517199999985,996.7108875275931
494,82.33333333333334,963.6757599999983,998.732613465783
495,82.5,970.279799999998,1000.7543394039726
496,82.66666666666667,967.2890039840618,1002.7760653421625
497,82.83333333333334,968.7261111111093,1004.7977912803525
498,83.0,971.9638095238079,1006.8195172185422
499,83.16666666666667,976.8179841897213,1008.841243156732
500,83.33333333333334,975.4936220472423,1010.862969094922
501,83.5,978.5956692913364,1012.8846950331117
502,83.66666666666667,982.7877165354312,1014.9064209713016
503,83.83333333333334,983.2797637795256,1016.9281469094915
504,84.0,983.8831764705869,1018.9498728476811
505,84.16666666666667,989.2965234374983,1020.971598785871
506,84.33333333333334,989.8040077820997,1022.9933247240609
507,84.5,990.8866279069753,1025.0150506622508
508,84.66666666666667,984.7696911196895,1027.0367766004406
509,84.83333333333334,981.0557307692288,1029.0585025386306
510,85.0,986.7578160919525,1031.0802284768204
511,85.16666666666667,982.3708396946549,1033.1019544150101
512,85.33333333333334,986.2592366412196,1035.1236803532001
513,85.5,990.0820532319376,1037.14540629139
514,85.66666666666667,997.2657414448654,1039.1671322295797
515,85.83333333333333,997.1494296577935,1041.1888581677695
516,86.0,1000.4199999999983,1043.2105841059592
517,86.16666666666667,1003.9466666666654,1045.2323100441492
518,86.33333333333333,1003.2833333333319,1047.254035982339
519,86.5,1004.7146792452813,1049.2757619205288
520,86.66666666666667,1012.126981132074,1051.2974878587188
521,86.83333333333333,1023.6492830188663,1053.3192137969086
522,87.0,1022.8415849056587,1055.3409397350983
523,87.16666666666667,1021.1099248120286,1057.3626656732883
524,87.33333333333333,1021.7591011235941,1059.3843916114781
525,87.5,1019.5371910112344,1061.406117549668
526,87.66666666666667,1018.9132835820883,1063.427843487858
527,87.83333333333333,1022.7589552238792,1065.4495694260477
528,88.0,1032.1146268656703,1067.4712953642374
529,88.16666666666667,1035.057100371746,1069.4930213024275
530,88.33333333333333,1039.5140892193294,1071.5147472406172
531,88.5,1037.5353333333323,1073.536473178807
532,88.66666666666667,1042.2069372693718,1075.558199116997
533,88.83333333333333,1046.054243542434,1077.5799250551868
534,89.0,1048.9215498154967,1079.6016509933766
535,89.16666666666667,1052.095624999998,1081.6233769315666
536,89.33333333333333,1055.054999999998,1083.645102869756
537,89.5,1057.9443749999982,1085.666828807946
538,89.66666666666666,1058.352673992672,1087.6885547461359
539,89.83333333333333,1059.5035897435878,1089.7102806843257
540,90.0,1061.6145054945032,1091.7320066225157
541,90.16666666666666,1063.6054212454192,1093.7537325607054
542,90.33333333333333,1069.5963369963351,1095.7754584988952
543,90.5,1075.0972527472504,1097.7971844370852
544,90.66666666666666,1073.68722627737,1099.818910375275
545,90.83333333333333,1077.3429197080268,1101.8406363134648
546,91.0,1080.520327272725,1103.8623622516548
547,91.16666666666666,1081.337826086954,1105.8840881898445
548,91.33333333333333,1090.5182608695623,1107.9058141280343
549,91.5,1095.9872924187703,1109.9275400662243
550,91.66666666666666,1100.3700719424437,1111.9492660044139
551,91.83333333333333,1105.946726618703,1113.9709919426039
552,92.0,1108.8533812949622,1115.9927178807939
553,92.16666666666666,1113.8400359712218,1118.0144438189834
554,92.33333333333333,1118.1506810035826,1120.0361697571734
555,92.5,1115.6046428571412,1122.0578956953634
556,92.66666666666666,1118.7877142857124,1124.079621633553
557,92.83333333333333,1124.1707857142837,1126.1013475717427
558,93.0,1126.809608540923,1128.123073509933
559,93.16666666666666,1124.901453900707,1130.1447994481225
560,93.33333333333333,1127.5288339222598,1132.1665253863123
561,93.5,1131.4739436619698,1134.1882513245023
562,93.66666666666667,1133.282280701752,1136.2099772626923
563,93.83333333333333,1135.648245614033,1138.2317032008818
564,94.0,1139.0445454545438,1140.2534291390718
565,94.16666666666667,1138.4554355400678,1142.2751550772618
566,94.33333333333334,1143.1714982578378,1144.2968810154516
567,94.5,1143.572499999998,1146.3186069536414
568,94.66666666666667,1148.889999999998,1148.3403328918314
569,94.83333333333334,1147.7274999999986,1150.3620588300212
570,95.0,1147.3349999999987,1152.383784768211
571,95.16666666666667,1148.282499999999,1154.4055107064007
572,95.33333333333334,1156.2299999999987,1156.4272366445907
573,95.5,1159.1117647058813,1158.4489625827805
574,95.66666666666667,1161.4154482758609,1160.4706885209703
575,95.83333333333334,1159.32120689655,1162.4924144591603
576,96.0,1154.369690721648,1164.51414039735
577,96.16666666666667,1157.9680756013727,1166.5358663355398
578,96.33333333333334,1157.596460481098,1168.5575922737298
579,96.5,1160.9348453608236,1170.5793182119194
580,96.66666666666667,1164.3932302405492,1172.6010441501094
581,96.83333333333334,1166.5722260273965,1174.6227700882991
582,97.0,1165.7575767918079,1176.644496026489
583,97.16666666666667,1167.6517006802715,1178.666221964679
584,97.33333333333334,1170.4048813559316,1180.6879479028687
585,97.5,1170.981722972972,1182.7096738410585
586,97.66666666666667,1174.2029054054046,1184.7313997792485
587,97.83333333333334,1177.6240878378367,1186.7531257174383
588,98.0,1181.9252702702693,1188.774851655628
589,98.16666666666667,1176.7329966329958,1190.796577593818
590,98.33333333333333,1182.1363973063962,1192.8183035320078
591,98.5,1180.668053691274,1194.8400294701976
592,98.66666666666667,1180.8864429530186,1196.8617554083876
593,98.83333333333333,1188.0248322147636,1198.8834813465774
594,99.0,1189.5063545150483,1200.9052072847671
595,99.16666666666667,1193.7197658862865,1202.9269332229571
596,99.33333333333333,1197.303177257524,1204.948659161147
597,99.5,1201.4082999999987,1206.9703850993367
598,99.66666666666667,1206.6655333333324,1208.9921110375267
599,99.83333333333333,1209.9056810631218,1211.0138369757162
600,100.0,1213.0355629139062,1213.0355629139062
