learner_id,age,study_hours,attendance_rate,previous_score,assignments_completed,treatment,outcome,predicted_control,predicted_treatment,estimated_uplift
2667,20,2.6,86.7,84.6,5,1,15.5,12.328899999999994,16.497600000000002,4.168700000000008
2036,31,3.7,76.8,89.2,8,1,17.62,14.623100000000013,18.0068,3.383699999999985
425,22,1.2,98.7,71.2,6,0,14.31,13.161299999999992,16.355900000000005,3.1946000000000137
1449,21,6.2,64.2,36.4,6,1,17.53,10.585399999999998,14.795999999999994,4.210599999999996
1037,29,4.8,71.7,35.8,10,0,12.53,11.946299999999994,16.910400000000013,4.96410000000002
2226,22,7.6,98.3,32.2,2,1,10.84,8.445899999999993,14.21219999999999,5.7662999999999975
1918,25,1.1,63.1,41.9,6,1,10.02,10.215899999999994,12.895099999999998,2.6792000000000034
1931,21,4.1,86.0,68.8,2,1,9.2,8.356500000000008,12.777899999999999,4.421399999999991
1206,23,4.7,96.6,79.7,6,0,15.97,14.518199999999988,17.20470000000002,2.6865000000000325
2479,23,9.6,87.3,59.6,2,1,10.38,9.564000000000004,14.990099999999995,5.426099999999991
31,26,4.2,79.4,52.8,7,0,11.11,10.334499999999991,15.536900000000008,5.202400000000017
2455,19,1.2,59.5,77.5,6,1,14.17,11.267299999999999,13.895599999999993,2.628299999999994
2167,32,1.8,68.2,91.7,5,0,13.5,11.992099999999999,15.7381,3.7460000000000004
1397,24,3.8,73.7,67.7,4,1,13.1,8.4212,14.830599999999995,6.409399999999994
1492,29,3.5,60.8,76.3,8,1,14.67,12.5032,16.6489,4.1457000000000015
1165,19,2.4,88.3,69.5,7,1,15.37,12.2661,17.471799999999995,5.205699999999995
2895,26,5.8,72.7,60.9,6,0,10.11,11.3325,15.233000000000004,3.9005000000000045
593,28,9.9,97.1,42.3,5,1,17.97,12.763800000000005,16.85269999999999,4.088899999999986
2298,24,6.4,69.8,50.1,6,1,14.2,10.328499999999998,15.736,5.407500000000002
215,19,3.6,69.7,50.5,9,1,14.41,13.575299999999997,16.421999999999997,2.8467000000000002
39,31,2.8,83.5,51.6,10,0,11.07,14.118299999999993,17.55490000000001,3.436600000000018
2797,30,1.5,90.4,54.8,6,1,16.56,10.3334,14.738400000000006,4.4050000000000065
2320,27,5.3,70.1,73.1,10,1,20.45,15.430100000000007,18.324499999999983,2.894399999999976
579,27,6.9,95.8,47.2,3,1,15.38,10.323499999999997,13.776399999999994,3.452899999999996
2922,23,7.9,51.0,75.1,9,0,13.1,14.671400000000006,18.552599999999998,3.8811999999999927
2349,33,4.3,96.8,73.4,7,0,15.12,12.290099999999997,17.016299999999998,4.7262
2845,34,2.9,80.3,47.6,8,0,12.74,12.006800000000004,15.435600000000008,3.4288000000000043
1262,19,6.7,50.5,93.2,3,1,11.61,9.969300000000008,14.6472,4.677899999999992
10,20,6.1,66.0,58.5,4,1,13.07,9.624900000000004,13.053299999999995,3.428399999999991
2669,21,3.9,79.8,40.4,10,0,10.1,12.003000000000004,16.68,4.676999999999996
18,34,3.0,57.2,43.9,8,1,16.22,12.516099999999994,15.253000000000013,2.736900000000018
2026,25,3.8,65.8,35.6,2,0,4.57,5.6398,10.533700000000005,4.893900000000005
84,29,8.4,58.7,70.0,3,0,8.28,9.81860000000001,13.693700000000002,3.875099999999991
2029,23,2.3,67.3,79.0,5,1,12.55,11.360299999999997,14.712300000000006,3.352000000000009
841,26,4.5,76.4,51.4,7,0,14.01,10.772499999999996,15.379500000000005,4.60700000000001
374,34,2.6,70.0,34.2,8,1,16.5,12.484100000000005,14.881500000000019,2.3974000000000135
2350,29,9.4,76.0,48.4,10,1,19.57,15.157699999999998,19.45910000000001,4.301400000000012
848,22,9.4,68.6,48.6,3,0,7.5,8.439599999999999,12.831199999999997,4.391599999999999
52,31,4.0,85.9,47.7,4,0,11.44,8.682000000000002,13.416799999999993,4.734799999999991
2890,25,2.5,67.8,38.3,1,1,8.86,5.540700000000002,9.583000000000006,4.042300000000004
204,18,2.0,71.4,93.4,10,1,23.52,14.6072,19.047399999999985,4.440199999999985
286,32,7.6,90.1,55.5,7,0,13.48,12.852299999999998,18.418400000000002,5.566100000000004
2577,19,4.5,52.4,49.8,8,1,16.81,12.636699999999998,15.532800000000002,2.896100000000004
291,23,8.5,64.2,91.8,9,1,20.67,15.5105,18.995300000000007,3.484800000000007
2386,19,4.6,67.5,56.9,6,1,16.58,10.8748,13.020800000000001,2.146000000000001
66,24,5.7,55.0,69.4,3,1,12.89,8.0241,13.997899999999994,5.973799999999994
939,22,6.1,72.7,94.7,9,0,16.96,15.606999999999998,19.697699999999994,4.0906999999999965
202,33,2.6,79.7,39.4,9,1,19.03,12.476499999999994,17.4954,5.018900000000006
1814,30,5.3,53.7,84.9,4,1,13.56,11.6961,13.841499999999996,2.145399999999997
1948,25,8.9,67.1,44.3,2,0,10.94,6.9675999999999965,12.793899999999992,5.826299999999995
2286,25,9.2,64.2,31.2,8,1,17.08,12.428199999999999,18.649000000000026,6.220800000000027
246,34,7.3,62.2,51.4,10,1,15.59,14.313100000000004,18.422199999999997,4.109099999999993
2108,33,6.6,81.2,33.8,2,0,3.79,7.6814,11.893899999999995,4.212499999999995
2015,28,4.1,64.8,81.6,6,0,11.96,12.782799999999998,15.542400000000004,2.759600000000006
328,22,9.3,70.4,85.5,2,0,9.88,9.712600000000002,13.44570000000001,3.7331000000000074
1919,27,8.0,94.1,78.8,5,1,16.57,13.2454,18.957299999999993,5.711899999999993
643,23,6.2,74.1,48.9,2,1,11.04,7.356699999999995,11.372699999999991,4.0159999999999965
1175,23,2.7,59.6,51.6,5,1,14.52,10.320900000000004,12.410100000000005,2.0892000000000017
1694,18,3.2,61.2,92.0,10,1,15.68,14.734800000000005,18.526599999999988,3.7917999999999825
864,19,3.9,68.9,76.5,2,1,8.8,8.035500000000003,12.1401,4.104599999999998
1456,33,4.6,58.0,61.5,1,1,12.87,6.843799999999999,11.3018,4.458000000000001
1992,20,8.2,60.0,44.9,8,1,12.34,12.509100000000013,17.567200000000003,5.058099999999991
2849,23,9.2,54.3,77.4,8,1,11.69,15.073800000000004,19.322400000000002,4.248599999999998
317,19,6.8,51.6,38.2,2,1,9.43,7.450699999999997,11.0361,3.5854000000000026
2198,26,6.6,63.6,69.6,10,0,17.12,15.552599999999998,19.56979999999999,4.017199999999992
1134,28,3.5,53.0,92.2,3,0,7.46,8.363100000000008,12.01339999999999,3.650299999999982
2357,20,8.2,65.8,47.2,1,1,12.17,7.732499999999995,12.555299999999997,4.822800000000003
1325,18,4.4,85.0,55.5,7,0,11.5,11.2653,15.765699999999988,4.500399999999988
397,34,3.1,92.2,53.9,9,1,18.28,14.315199999999999,17.64120000000001,3.3260000000000094
2879,30,3.7,84.6,75.2,2,1,14.63,7.9867,12.8936,4.906899999999999
2228,23,5.3,74.1,33.2,2,1,10.75,6.524799999999994,11.251499999999998,4.726700000000005
2526,28,5.6,75.9,45.9,1,0,6.46,5.468700000000001,9.740700000000002,4.272000000000001
1108,21,7.0,56.8,51.5,10,0,15.41,13.3052,17.985500000000002,4.680300000000003
754,22,6.1,69.2,78.0,2,1,12.13,9.83200000000001,12.844499999999993,3.0124999999999833
2630,32,8.6,64.7,43.8,5,0,10.83,11.428200000000004,15.653300000000002,4.225099999999998
396,29,4.5,68.9,77.7,1,0,8.81,6.954899999999997,11.552900000000001,4.598000000000004
1224,34,7.9,83.9,67.9,3,0,10.74,10.027600000000005,14.669499999999996,4.641899999999991
384,21,1.8,59.5,64.6,10,1,17.39,13.027000000000005,16.49659999999999,3.4695999999999856
689,28,7.8,91.8,36.1,2,1,10.24,7.736999999999997,12.2887,4.551700000000003
137,18,1.2,97.6,66.0,6,1,14.93,12.1144,15.916800000000006,3.8024000000000058
2300,20,7.1,76.9,74.7,2,0,9.2,8.734700000000005,12.668399999999995,3.9336999999999893
1361,26,6.6,97.4,45.2,4,1,18.12,10.011099999999999,15.201300000000009,5.19020000000001
2425,34,1.5,51.1,58.5,1,1,5.39,5.932399999999998,9.641299999999998,3.7089
1884,33,2.8,50.3,63.1,8,1,16.7,12.176100000000003,16.1715,3.9953999999999983
2359,18,1.6,64.5,51.3,2,0,6.46,6.642699999999998,9.901400000000006,3.258700000000008
1027,23,4.2,65.2,30.3,4,1,12.19,7.684000000000001,12.806400000000002,5.122400000000001
1632,21,9.2,90.9,67.2,7,0,13.25,12.481899999999998,18.8118,6.329900000000004
1020,27,4.6,95.5,51.6,9,1,18.51,14.225799999999994,17.62399999999999,3.3981999999999974
2961,34,2.5,73.8,55.7,9,1,14.84,13.659700000000003,17.22800000000002,3.5683000000000167
403,33,4.9,54.7,75.2,7,0,7.15,11.193399999999997,16.118300000000012,4.924900000000015
1283,20,5.7,56.1,46.2,3,0,3.45,7.685500000000001,11.208099999999993,3.5225999999999917
1627,24,4.6,69.2,54.0,4,1,12.13,9.242400000000009,13.572200000000004,4.329799999999995
2619,29,4.5,69.1,50.0,1,1,10.22,6.324700000000002,10.784800000000002,4.460100000000001
960,31,2.6,54.9,57.0,8,0,11.09,11.485000000000008,15.879800000000007,4.394799999999998
2933,20,7.5,63.2,37.2,2,0,8.35,8.031899999999997,12.068499999999997,4.0366
2837,34,1.3,66.3,44.3,3,0,7.98,6.5229000000000035,7.423599999999998,0.9006999999999943
1986,27,5.9,72.6,75.3,1,1,14.89,8.189800000000002,12.708799999999991,4.5189999999999895
692,23,3.5,77.7,35.1,9,0,12.16,12.380599999999992,15.687400000000004,3.3068000000000115
1835,21,2.0,76.4,41.8,10,1,15.99,12.153599999999999,16.5184,4.364800000000001
996,24,5.1,95.2,37.7,10,0,13.81,14.017000000000007,17.163700000000002,3.1466999999999956
1293,33,3.0,73.0,45.1,9,0,14.15,13.232399999999998,16.552899999999994,3.3204999999999956
816,27,1.3,62.0,63.8,1,1,10.69,5.0451000000000015,10.087699999999998,5.042599999999997
41,21,2.7,74.4,43.9,9,0,14.81,12.6196,15.691800000000008,3.0722000000000076
1762,28,2.8,83.4,42.6,10,1,18.35,12.573099999999988,16.47229999999999,3.899200000000002
2501,26,1.1,89.3,56.2,2,0,4.23,5.727799999999999,10.833699999999999,5.105899999999999
585,27,1.4,63.1,56.1,10,0,13.68,13.043500000000005,16.210999999999988,3.1674999999999827
1133,27,5.9,80.1,93.4,5,0,11.76,11.731400000000008,17.319900000000004,5.588499999999996
2579,34,3.8,78.5,54.4,10,1,15.58,13.834100000000003,18.649900000000017,4.815800000000014
698,25,3.3,83.5,71.2,5,1,17.78,11.568799999999992,15.737400000000003,4.16860000000001
2802,33,6.2,91.4,94.1,8,0,15.58,15.467,21.187700000000003,5.720700000000003
2889,21,1.9,60.7,78.4,9,0,14.91,13.769699999999998,17.726699999999994,3.9569999999999954
1757,19,6.8,99.5,75.5,6,1,24.7,14.266899999999994,18.857499999999995,4.5906
661,32,7.6,89.0,44.0,2,0,9.18,7.683699999999996,13.204099999999999,5.520400000000002
2295,21,1.1,68.7,74.1,10,0,16.52,13.466299999999999,17.06589999999998,3.599599999999983
2124,28,3.6,56.4,61.5,9,1,15.4,12.4252,17.07559999999999,4.6503999999999905
909,22,4.7,53.7,49.9,5,0,8.36,10.630000000000006,12.623700000000001,1.9936999999999951
613,31,7.1,99.8,70.7,10,1,19.6,16.275599999999983,22.214800000000004,5.939200000000021
2527,32,9.9,88.2,77.4,2,0,11.42,10.41860000000001,14.2935,3.8748999999999896
2241,22,4.9,74.3,83.2,6,1,16.89,12.626900000000001,16.4927,3.8657999999999983
824,29,1.5,67.3,47.1,9,1,15.56,12.636800000000003,16.107199999999995,3.4703999999999926
1573,19,1.0,72.3,81.0,1,1,16.16,6.156400000000002,12.72580000000001,6.569400000000008
1812,30,1.5,53.6,90.9,2,0,5.37,8.570100000000009,11.318599999999995,2.7484999999999857
1853,32,4.2,94.1,34.4,8,1,16.24,11.433600000000004,15.809900000000006,4.376300000000002
355,29,3.9,96.9,82.6,5,0,10.76,12.48809999999999,15.9586,3.47050000000001
928,33,6.4,98.8,71.2,7,0,13.78,12.994699999999996,18.73029999999999,5.735599999999993
2044,30,8.2,77.5,55.2,2,1,17.93,7.510400000000007,12.668699999999994,5.158299999999987
2524,27,5.9,61.7,79.3,3,0,10.78,9.210499999999998,14.780700000000003,5.570200000000005
1977,22,9.4,75.8,67.5,1,0,9.23,8.402800000000004,13.323099999999993,4.920299999999989
2586,18,5.0,56.5,84.0,10,1,20.8,14.02650000000001,18.756299999999996,4.729799999999987
581,22,1.1,75.3,63.6,4,0,11.16,7.660200000000003,12.748199999999997,5.087999999999994
2781,22,2.7,58.1,39.1,6,0,8.98,9.814799999999993,12.549499999999997,2.7347000000000037
1905,30,9.9,65.1,64.2,8,0,11.55,14.940099999999989,20.02880000000001,5.088700000000022
2994,30,8.3,86.0,80.2,6,1,16.1,13.526800000000003,19.627799999999986,6.100999999999983
1687,27,4.9,80.6,79.7,8,0,13.86,14.84310000000001,19.530900000000006,4.687799999999996
2753,28,5.7,50.5,88.5,3,1,13.87,9.1181,15.213500000000009,6.095400000000009
2670,22,3.3,95.8,52.1,8,1,12.54,11.738400000000011,15.270400000000002,3.531999999999991
2834,22,6.8,74.9,45.1,1,1,12.43,6.9039999999999955,10.087699999999995,3.183699999999999
519,18,4.4,72.9,40.6,2,0,6.78,7.884500000000004,11.739900000000002,3.8553999999999986
2963,28,1.9,62.9,53.6,8,1,13.27,12.033800000000001,14.541200000000005,2.507400000000004
2086,34,1.4,97.0,78.8,10,1,18.51,13.269900000000002,18.3446,5.074699999999998
1162,20,6.1,51.9,54.3,10,0,13.18,13.662399999999998,17.886299999999995,4.223899999999997
1272,32,6.1,86.0,47.1,1,0,7.6,8.188699999999997,11.157900000000005,2.969200000000008
1936,27,4.0,66.7,43.9,5,0,7.03,10.284099999999993,12.230099999999995,1.9460000000000015
2146,26,6.0,71.9,49.5,3,0,7.23,8.583500000000006,12.508000000000004,3.9244999999999983
1966,24,8.4,55.8,94.1,1,1,15.47,9.508299999999998,12.75289999999999,3.2445999999999913
1171,22,1.5,60.4,79.4,4,1,13.73,10.195099999999998,14.193699999999996,3.998599999999998
1385,21,8.3,65.1,46.9,3,1,14.01,8.6647,12.249500000000001,3.5848000000000013
1750,29,7.0,76.1,82.2,10,1,15.25,15.898899999999996,20.538100000000004,4.639200000000008
539,27,2.7,91.4,56.6,7,1,17.48,11.285099999999998,15.143699999999997,3.858599999999999
1113,32,8.5,73.7,73.7,3,0,13.35,10.722600000000002,14.556000000000001,3.8333999999999993
1897,29,2.1,81.7,43.6,4,0,7.54,7.920899999999998,12.025999999999994,4.105099999999997
404,30,5.9,77.2,75.4,7,1,15.27,12.298500000000006,18.1596,5.861099999999995
602,25,4.1,63.4,41.1,3,0,5.7,7.7672,11.069700000000003,3.302500000000003
426,20,8.1,92.1,82.7,2,1,16.2,8.660200000000005,12.888399999999999,4.228199999999994
2583,28,3.8,62.7,46.9,9,0,12.93,12.466999999999995,16.479699999999998,4.012700000000002
1140,22,1.5,88.6,91.8,8,1,19.71,14.036199999999994,19.0578,5.0216000000000065
1828,26,1.9,82.1,30.2,2,1,7.82,6.135199999999998,11.298699999999997,5.163499999999998
888,31,1.6,66.9,83.4,2,1,11.4,9.942900000000007,11.454999999999998,1.5120999999999913
1709,25,6.8,62.6,86.3,6,0,11.92,13.033499999999998,17.311700000000002,4.2782000000000036
656,20,6.9,98.3,72.1,5,0,12.17,13.171899999999992,17.961899999999986,4.789999999999994
316,32,5.0,59.4,41.0,3,0,8.38,7.491300000000001,11.919299999999996,4.4279999999999955
1749,33,2.2,86.5,88.2,9,0,11.79,15.329700000000003,18.4149,3.085199999999997
1488,22,1.2,60.7,56.9,3,0,8.55,6.795100000000003,9.01059999999999,2.2154999999999863
2888,29,2.8,70.2,42.5,10,1,16.52,12.415199999999988,16.323600000000006,3.908400000000018
2111,30,8.6,63.9,95.0,7,1,19.48,14.203600000000003,19.3941,5.190499999999998
29,21,7.8,61.7,66.8,4,1,16.78,11.266800000000012,14.286099999999994,3.0192999999999817
2551,32,8.8,54.5,56.4,4,0,10.44,10.770900000000008,13.903699999999985,3.1327999999999765
534,22,3.4,96.8,33.3,8,1,19.52,11.464200000000003,15.289600000000009,3.8254000000000055
2934,23,3.3,77.8,45.6,10,0,13.29,13.467299999999998,17.416499999999996,3.9491999999999976
354,34,9.6,89.1,90.7,6,1,18.88,13.865000000000002,20.2388,6.373799999999999
837,22,3.5,92.9,67.7,4,0,11.88,9.129199999999999,15.557199999999993,6.427999999999994
1803,26,3.8,66.6,88.1,4,1,15.19,11.302300000000002,15.154699999999998,3.852399999999996
2839,31,2.5,85.5,70.1,10,0,12.7,15.109999999999998,18.628300000000014,3.518300000000016
1603,32,8.5,53.8,79.4,8,0,16.11,14.785799999999997,19.47190000000001,4.686100000000012
1035,34,8.4,67.0,43.6,9,1,17.45,14.135600000000002,19.1199,4.984299999999999
122,23,2.8,70.0,47.2,5,1,16.61,10.130800000000002,12.336300000000008,2.205500000000006
1991,22,5.5,54.8,64.1,2,1,8.92,7.279899999999999,12.951300000000003,5.671400000000005
2513,21,10.0,52.5,30.3,7,0,14.84,12.416400000000005,16.46140000000001,4.0450000000000035
2784,22,8.4,75.1,34.2,4,0,6.41,9.20519999999999,14.2741,5.06890000000001
2162,19,4.5,86.0,64.6,5,0,10.64,11.151799999999994,14.9321,3.7803000000000058
416,20,4.0,70.0,80.1,1,0,8.85,7.113299999999999,12.372500000000008,5.259200000000009
1914,24,7.1,56.4,66.3,10,1,18.9,14.043300000000011,20.116999999999994,6.073699999999983
1336,18,8.9,54.8,42.0,2,0,9.74,6.6374,11.926399999999992,5.288999999999992
2919,26,4.9,66.4,84.5,9,0,15.94,14.336699999999997,17.709899999999987,3.37319999999999
616,31,9.5,95.3,85.9,10,0,17.49,16.027099999999997,22.08549999999999,6.058399999999992
844,26,8.0,93.2,50.3,10,0,16.11,14.906000000000013,18.805800000000012,3.899799999999999
2184,20,9.6,90.1,88.9,3,0,9.78,11.2173,16.006200000000003,4.7889000000000035
2602,21,5.1,63.5,49.3,3,1,13.39,8.329400000000001,11.894099999999998,3.5646999999999966
2800,21,1.2,80.3,61.3,9,0,14.11,11.118800000000006,18.29340000000001,7.174600000000003
1412,23,4.4,92.7,75.4,9,0,12.61,14.546199999999997,19.658400000000007,5.11220000000001
2258,19,8.6,54.2,75.5,2,1,14.84,8.221500000000002,13.640199999999995,5.418699999999992
270,26,6.3,59.8,44.5,1,0,4.33,6.051299999999998,9.710599999999994,3.6592999999999964
152,34,2.6,50.7,46.4,10,1,14.76,13.400200000000005,15.934000000000012,2.5338000000000065
969,26,4.1,71.3,70.6,7,1,14.44,12.526899999999996,16.139499999999998,3.6126000000000023
1789,19,5.5,72.0,64.1,4,1,16.89,9.657000000000009,14.460999999999988,4.803999999999979
903,24,8.4,55.7,32.1,7,0,10.4,11.863500000000009,16.735700000000005,4.872199999999996
1857,18,8.9,83.9,82.6,10,1,21.11,16.134900000000005,22.456400000000002,6.321499999999997
30,31,3.5,90.7,72.2,8,1,17.9,13.03840000000001,17.390200000000004,4.351799999999994
2235,18,1.8,84.3,33.0,6,0,7.87,9.374600000000001,14.698499999999992,5.323899999999991
2138,18,2.1,96.1,90.9,7,1,17.04,15.279600000000006,18.64379999999999,3.364199999999986
1609,33,8.2,62.8,74.0,6,1,17.15,11.931300000000004,18.429000000000002,6.497699999999998
2571,34,5.7,69.0,55.9,8,0,10.95,13.278600000000017,17.95709999999999,4.678499999999973
433,29,1.1,96.4,63.9,3,0,9.2,6.9228999999999985,12.415499999999994,5.492599999999996
2042,34,2.8,52.7,54.3,1,0,6.36,5.994599999999998,9.460700000000003,3.4661000000000044
154,19,6.0,73.0,52.1,1,1,9.08,7.437699999999996,11.068700000000002,3.6310000000000056
2074,30,5.8,76.9,43.2,5,1,12.04,10.0089,14.339199999999991,4.3302999999999905
963,19,9.4,55.5,43.0,10,0,14.69,14.2275,18.610800000000005,4.3833000000000055
1036,32,1.4,92.8,68.9,10,0,17.23,13.232899999999999,18.384100000000004,5.151200000000005
2008,21,9.5,91.6,68.2,5,0,13.79,11.784600000000005,17.576499999999974,5.79189999999997
982,24,4.2,74.1,71.4,9,0,15.93,14.379100000000003,18.967600000000008,4.588500000000005
2824,28,8.3,51.8,70.9,1,1,11.7,8.089599999999997,13.440100000000005,5.350500000000007
1769,22,2.6,81.2,86.6,1,0,7.39,7.567500000000003,11.733100000000006,4.165600000000003
2881,25,2.3,74.8,50.2,3,0,8.57,7.3065999999999995,10.9121,3.605500000000001
430,29,6.7,65.2,39.5,8,0,13.22,12.092400000000007,17.153300000000005,5.060899999999998
1909,25,1.4,87.1,86.4,3,0,10.94,8.823200000000005,13.4931,4.669899999999995
2263,20,6.2,99.4,86.9,2,0,11.72,9.366900000000005,15.36589999999999,5.998999999999985
675,22,8.4,90.0,75.4,7,1,18.07,13.728800000000001,19.159500000000005,5.430700000000003
2731,21,9.8,63.7,79.0,1,0,8.7,8.811800000000002,14.760899999999998,5.949099999999996
64,30,1.0,56.5,80.7,5,1,10.5,11.716699999999998,15.141900000000007,3.425200000000009
880,24,5.0,61.5,41.0,7,1,15.51,10.9013,15.1052,4.203899999999999
713,21,2.2,76.1,91.5,2,1,12.7,8.683700000000005,12.7612,4.077499999999995
681,28,2.9,57.8,55.7,9,0,14.94,12.933799999999998,16.659799999999997,3.725999999999999
1248,32,2.2,82.7,76.6,8,0,11.19,12.9853,17.085899999999995,4.100599999999995
1646,33,2.9,70.2,33.2,5,0,10.86,8.5287,11.785700000000006,3.257000000000005
2047,21,9.0,91.1,75.1,3,0,9.22,10.500000000000005,15.523500000000006,5.0235
1400,22,7.3,83.1,84.0,1,0,10.77,10.203999999999997,13.3194,3.115400000000003
2752,18,3.8,92.4,60.7,3,1,12.86,9.542299999999996,13.448900000000004,3.906600000000008
1452,28,5.9,86.1,64.0,5,0,15.59,11.486199999999991,16.036499999999993,4.550300000000002
2490,28,5.0,93.2,84.4,10,0,15.19,16.0338,19.727500000000006,3.693700000000007
867,29,9.0,90.9,41.2,6,0,14.77,12.084799999999998,17.0768,4.992000000000001
1022,20,8.3,53.6,85.2,6,1,16.39,12.808099999999998,17.787799999999994,4.979699999999996
1040,34,6.0,88.4,76.8,8,0,15.32,15.028600000000004,20.272699999999993,5.244099999999989
1403,34,4.6,95.3,43.9,2,1,10.58,6.991599999999997,13.023799999999987,6.03219999999999
333,31,3.3,81.3,85.6,2,0,8.01,8.548800000000002,12.439299999999998,3.890499999999996
1050,27,6.7,57.5,42.0,8,1,16.8,12.356300000000003,17.056599999999992,4.70029999999999
2027,24,6.7,98.7,93.0,4,0,10.1,11.278099999999997,16.07859999999999,4.800499999999994
386,22,2.5,55.3,88.5,10,1,18.27,14.204400000000005,18.095299999999988,3.8908999999999825
218,26,6.4,73.6,85.8,2,0,7.7,10.659299999999996,12.946300000000006,2.2870000000000097
463,25,10.0,72.1,62.2,1,0,10.0,8.841600000000005,16.04019999999999,7.198599999999987
1160,28,5.8,67.3,55.8,1,1,11.42,6.248299999999998,11.376400000000004,5.128100000000006
1572,27,1.7,71.2,81.6,5,0,14.41,11.808499999999997,15.416600000000011,3.6081000000000145
422,27,2.8,56.0,59.5,4,0,6.44,8.363300000000002,11.786400000000013,3.4231000000000105
398,30,3.0,82.2,31.2,6,0,7.32,9.037299999999998,13.171399999999997,4.134099999999998
15,18,9.3,93.2,74.8,10,1,24.6,16.62139999999999,21.801199999999998,5.179800000000007
1015,25,9.4,89.1,67.3,6,0,13.44,11.8078,18.45039999999998,6.64259999999998
987,19,1.8,90.6,81.5,1,1,11.64,7.487700000000006,13.218699999999998,5.730999999999993
2454,32,1.4,53.5,66.0,3,1,9.09,7.685400000000005,9.940599999999996,2.2551999999999914
1499,29,9.1,63.4,57.1,8,0,14.95,12.67269999999999,19.01650000000002,6.343800000000028
421,30,9.1,60.8,38.4,5,0,6.64,11.835900000000002,15.541799999999991,3.705899999999989
2461,25,1.2,91.4,43.9,7,1,16.5,11.094500000000004,15.672699999999999,4.578199999999995
22,32,8.8,72.8,62.9,9,1,19.85,14.359400000000003,19.332800000000017,4.973400000000014
2658,26,6.2,99.7,33.5,3,1,12.54,8.833699999999993,14.193799999999994,5.360100000000001
2285,18,5.4,82.7,71.2,8,1,17.32,14.399400000000007,19.678299999999993,5.278899999999986
2716,31,8.5,70.3,69.4,3,1,8.87,10.540400000000004,14.046400000000004,3.5060000000000002
2069,26,2.9,89.8,56.9,1,1,10.32,6.427600000000001,10.523500000000007,4.0959000000000065
2415,18,1.7,81.1,88.6,3,0,10.9,9.659100000000002,13.5485,3.8893999999999984
1889,19,8.6,71.2,59.6,9,0,12.71,15.204599999999994,17.892800000000012,2.688200000000018
2785,33,7.8,92.4,33.2,6,0,14.06,12.710900000000006,16.111400000000003,3.4004999999999974
1061,24,8.6,71.1,32.7,3,0,7.47,8.333199999999998,12.153600000000004,3.8204000000000065
2153,23,6.2,61.4,70.0,3,0,8.83,9.307599999999999,15.063099999999997,5.755499999999998
1771,29,4.4,60.6,86.5,8,1,19.32,13.132399999999997,17.0014,3.8690000000000033
1957,34,3.9,50.0,52.2,10,1,14.64,14.1479,16.831800000000005,2.683900000000005
2867,33,3.4,75.2,71.3,5,0,7.44,11.171599999999994,14.798200000000003,3.6266000000000087
2284,26,1.5,55.9,54.1,8,0,11.35,11.716800000000001,15.580200000000008,3.8634000000000075
2411,31,5.3,89.9,85.4,8,0,16.12,14.949200000000012,19.239299999999982,4.2900999999999705
1961,30,6.7,63.2,36.3,2,1,9.28,8.211599999999997,12.205699999999993,3.994099999999996
2603,19,3.0,60.3,65.4,2,1,11.83,6.961899999999999,10.810800000000006,3.8489000000000066
4,25,9.3,54.7,45.7,10,1,20.31,14.330000000000005,19.06890000000001,4.7389000000000046
508,30,3.4,63.7,78.9,9,0,12.65,13.799300000000002,17.765699999999995,3.966399999999993
612,29,5.1,92.1,59.2,5,1,16.73,11.050400000000002,14.995899999999992,3.9454999999999902
2954,28,9.7,57.0,94.5,7,1,24.15,14.866400000000004,19.694800000000008,4.828400000000004
1540,26,2.3,79.4,82.9,4,0,12.65,10.674500000000009,15.125399999999999,4.45089999999999
1465,29,6.3,94.4,94.9,7,1,20.01,12.943199999999997,19.538799999999984,6.595599999999987
789,18,8.8,84.6,86.7,9,1,20.09,15.93160000000001,21.437599999999996,5.505999999999986
2575,20,1.5,72.6,36.4,6,0,8.73,9.8037,12.543699999999996,2.7399999999999967
2132,22,5.3,99.1,55.4,6,0,12.23,12.334100000000003,16.888500000000004,4.554400000000001
1298,32,7.6,93.3,37.7,5,0,13.65,12.652199999999999,15.856800000000005,3.2046000000000063
2695,30,8.2,89.4,38.2,6,1,15.54,11.885900000000001,17.264499999999998,5.378599999999997
2019,21,9.4,61.6,38.7,5,0,13.5,11.209000000000009,15.1833,3.9742999999999906
1263,21,4.8,60.1,70.1,4,0,10.24,9.815900000000001,14.941000000000006,5.125100000000005
2081,27,4.0,70.5,47.9,4,0,9.72,7.462900000000003,12.501999999999994,5.039099999999991
244,20,2.8,68.9,51.5,3,0,9.25,8.112900000000007,10.563600000000001,2.450699999999994
2758,21,4.2,76.5,63.5,1,0,8.16,7.124699999999999,11.646199999999999,4.5215
2853,34,2.4,82.9,67.1,9,0,13.47,14.272299999999996,17.532400000000013,3.2601000000000173
1882,18,4.1,77.7,74.1,1,1,11.49,7.406700000000001,12.1072,4.7005
2503,29,9.5,77.7,41.0,9,1,18.51,13.428899999999992,19.06220000000002,5.633300000000027
3,28,7.8,57.2,85.5,8,0,12.71,13.727799999999993,18.73349999999999,5.005699999999996
2125,32,7.7,73.4,53.0,8,0,14.47,12.623199999999999,18.866999999999997,6.2437999999999985
818,23,4.1,62.6,91.4,7,0,10.79,13.343099999999998,16.818500000000007,3.4754000000000094
1169,32,4.7,50.0,71.9,9,1,18.72,14.284699999999997,17.917999999999996,3.6332999999999984
2568,22,9.7,50.2,42.5,4,0,7.9,10.524800000000003,13.839399999999989,3.3145999999999862
631,31,2.5,88.3,53.4,6,1,14.49,10.467599999999996,14.661299999999999,4.193700000000003
2079,34,4.3,56.1,62.2,2,1,9.28,7.643200000000003,11.193600000000002,3.550399999999999
933,22,9.1,93.5,52.0,4,0,11.91,10.54650000000001,15.954599999999992,5.4080999999999815
2030,31,6.4,67.9,64.1,10,1,15.27,14.738499999999997,18.6312,3.892700000000003
1475,29,8.9,68.1,33.5,1,1,12.44,6.9047999999999945,11.253700000000004,4.348900000000009
1839,22,9.7,98.2,69.9,5,0,15.57,13.279499999999993,18.406099999999988,5.1265999999999945
2264,19,6.1,69.4,79.8,5,1,14.09,12.167899999999996,16.0122,3.844300000000004
711,22,6.1,72.1,92.0,9,1,18.35,15.613600000000002,19.354199999999995,3.7405999999999935
67,26,1.5,81.1,70.7,9,1,19.13,11.644999999999996,17.834500000000006,6.1895000000000095
495,23,2.8,75.4,76.6,9,0,15.72,14.658400000000002,18.73850000000001,4.080100000000007
877,34,3.8,70.8,62.4,5,1,15.46,10.731,12.791900000000005,2.0609000000000055
2741,34,5.0,53.1,82.7,9,1,15.9,14.594900000000006,17.79039999999999,3.195499999999985
2992,29,10.0,67.2,59.5,8,0,13.27,14.654599999999999,19.735300000000016,5.080700000000018
568,28,8.7,66.5,45.1,4,1,14.33,9.781100000000002,13.5578,3.776699999999998
2510,25,5.0,73.4,41.5,7,1,13.01,10.489700000000003,15.573200000000003,5.083500000000001
1213,28,7.2,76.4,59.9,10,1,18.04,13.929299999999996,19.93810000000003,6.008800000000035
1518,25,3.0,99.2,81.1,2,1,15.37,9.6685,14.710000000000013,5.041500000000013
2598,25,2.9,72.5,62.2,5,0,8.82,10.094800000000005,12.803200000000004,2.7083999999999993
2953,29,7.0,52.9,30.4,8,0,12.12,11.784600000000006,18.088400000000014,6.303800000000008
1743,29,3.7,69.7,94.4,6,0,10.3,12.136800000000004,15.859299999999998,3.722499999999993
812,21,7.9,54.4,48.7,7,0,14.05,11.561000000000009,16.779799999999998,5.218799999999989
1571,31,6.0,79.9,40.0,8,1,15.8,12.222400000000004,16.47200000000001,4.2496000000000045
788,23,1.0,90.4,68.7,1,0,8.4,5.6848,13.4047,7.7199
2724,27,3.4,82.8,86.5,6,1,15.7,12.389799999999997,16.2485,3.8587000000000025
1326,23,6.5,85.6,89.5,9,0,17.32,15.34890000000001,21.343899999999998,5.994999999999989
2690,28,4.9,84.0,66.1,2,1,13.17,7.770799999999998,13.423199999999994,5.6523999999999965
1734,33,3.2,57.4,49.3,1,0,8.54,6.070799999999995,8.778200000000005,2.7074000000000105
775,25,8.2,51.8,36.8,5,1,11.68,11.796800000000008,14.894499999999994,3.0976999999999855
227,20,3.4,89.7,60.2,3,0,7.45,9.5824,13.4082,3.825800000000001
586,34,8.5,71.8,91.7,6,1,17.09,12.703900000000012,19.166800000000002,6.4628999999999905
1296,34,6.3,74.3,32.6,8,0,10.36,11.5493,16.8545,5.305200000000001
821,32,9.2,64.8,83.1,7,1,22.03,14.070400000000001,19.4971,5.4266999999999985
2874,26,5.1,83.2,74.8,6,1,12.75,12.6374,16.7007,4.063300000000002
454,21,4.5,97.6,65.0,9,0,11.47,13.9774,19.06769999999999,5.090299999999992
2938,28,6.6,98.7,38.3,8,0,11.89,13.362500000000006,18.10040000000001,4.737900000000005
273,24,3.2,68.8,64.3,2,0,6.38,7.179999999999999,10.877199999999998,3.6971999999999996
1790,20,6.8,95.1,43.5,2,1,11.05,8.895099999999996,13.263099999999985,4.36799999999999
1496,24,4.4,67.6,40.8,3,1,12.23,8.013800000000002,12.106000000000003,4.092200000000002
2480,19,2.3,92.9,53.2,2,0,8.25,8.626700000000001,11.3352,2.708499999999999
1186,25,7.1,80.2,77.8,3,0,8.71,11.236899999999991,14.441799999999994,3.204900000000002
306,25,3.4,89.2,77.7,5,1,18.02,10.784099999999993,16.3099,5.525800000000006
2506,20,9.6,98.4,53.6,8,1,20.32,13.446900000000005,19.920100000000012,6.473200000000007
2276,33,3.6,70.4,67.0,4,0,7.34,9.237800000000004,14.287299999999998,5.049499999999995
134,25,8.1,90.3,47.9,2,1,15.84,8.653599999999999,12.812599999999993,4.158999999999994
1969,28,9.6,92.7,54.2,6,1,17.86,13.366000000000009,17.85919999999999,4.493199999999982
1370,24,1.8,69.2,31.8,5,0,8.14,8.157699999999997,12.417299999999997,4.259600000000001
2424,26,6.0,87.9,69.8,7,0,13.83,12.690199999999999,18.044199999999993,5.353999999999994
1089,19,6.9,82.5,95.0,1,1,14.38,9.683900000000001,12.499999999999995,2.8160999999999934
2294,31,1.9,98.5,51.1,4,0,10.03,8.893300000000004,13.425899999999995,4.5325999999999915
2540,34,8.3,78.8,44.8,10,1,16.92,14.152600000000001,18.60900000000001,4.4564000000000075
2033,34,2.2,51.6,70.4,9,0,12.29,14.842399999999998,17.988099999999996,3.145699999999998
1772,32,4.1,65.7,64.9,3,0,7.98,8.428100000000002,13.091899999999995,4.663799999999993
2851,33,6.8,59.4,72.5,8,0,15.83,13.0948,17.995600000000003,4.900800000000004
1099,32,2.4,88.3,74.0,2,0,4.66,8.9998,13.362599999999995,4.362799999999995
2896,34,7.1,69.3,59.2,1,1,12.67,6.787900000000004,13.074700000000005,6.286800000000001
2774,29,8.4,99.7,43.4,2,0,5.46,8.382299999999995,14.799899999999989,6.417599999999993
1500,23,4.4,82.7,52.8,9,0,13.18,12.906699999999999,17.868600000000004,4.961900000000005
2209,23,5.8,51.6,55.1,7,1,11.55,11.857799999999996,15.742100000000002,3.8843000000000067
949,31,5.2,90.3,43.7,3,0,9.15,8.412299999999993,12.680000000000001,4.2677000000000085
2095,18,5.0,66.9,80.4,3,0,12.65,10.145800000000003,13.6905,3.544699999999997
2836,19,9.6,53.0,32.4,8,1,14.12,12.920300000000006,18.702100000000016,5.781800000000009
2183,19,4.9,92.1,32.7,1,1,10.65,7.250799999999998,10.783800000000008,3.53300000000001
2679,18,7.9,96.2,39.2,10,1,18.37,14.853899999999992,18.67340000000001,3.819500000000019
2542,22,3.0,75.7,57.7,5,0,8.01,9.832399999999993,12.376300000000004,2.5439000000000114
2597,24,7.7,62.3,63.0,2,1,10.26,7.768400000000001,13.134099999999998,5.365699999999998
1302,29,4.1,97.3,32.1,2,0,8.7,7.2631999999999985,11.868899999999998,4.6057
790,22,8.1,77.8,33.1,10,0,13.03,13.026800000000003,17.61630000000001,4.589500000000006
1173,19,4.5,90.3,77.4,7,1,19.88,13.293299999999997,18.353399999999993,5.060099999999997
1910,31,4.5,65.1,59.3,8,0,12.64,12.053899999999999,16.352100000000004,4.298200000000005
1742,25,9.4,83.6,56.6,4,0,13.43,10.589200000000003,15.102199999999987,4.512999999999984
2373,31,3.0,88.0,76.2,9,0,14.57,14.658,17.6631,3.0051000000000005
746,18,4.7,83.5,91.3,7,1,19.6,14.358800000000008,18.266699999999993,3.9078999999999855
410,26,8.8,86.0,43.0,2,1,16.36,7.739199999999999,13.072799999999996,5.333599999999996
1424,33,4.7,83.5,73.5,1,0,8.98,8.080900000000007,13.029000000000003,4.948099999999997
736,34,9.0,53.9,54.7,7,1,16.48,10.810999999999993,16.8977,6.0867000000000075
2018,22,2.3,70.5,76.1,9,0,13.16,14.796100000000001,17.3609,2.5648
348,22,4.2,89.4,77.4,10,1,19.82,15.426800000000004,19.473800000000004,4.047000000000001
2801,19,1.4,80.2,56.0,1,1,11.95,6.435599999999998,10.094299999999999,3.6587000000000005
1553,28,5.9,51.2,65.2,3,1,14.0,8.460300000000002,14.209699999999987,5.749399999999985
1287,19,7.1,74.1,83.4,3,0,6.63,10.601700000000003,15.04070000000001,4.439000000000007
1139,23,5.9,91.4,84.0,2,1,16.42,11.241,12.997700000000002,1.7567000000000021
431,26,7.2,81.9,48.8,9,1,16.71,14.447299999999995,18.897500000000015,4.45020000000002
2691,20,3.6,81.8,74.8,9,0,15.62,14.58700000000001,19.208000000000013,4.621000000000002
1543,19,1.6,58.7,76.0,8,1,17.66,12.118799999999995,16.824099999999994,4.705299999999999
1132,31,9.8,59.9,34.3,3,0,9.34,8.701100000000004,11.166799999999991,2.4656999999999876
1678,27,5.7,64.3,70.3,10,0,17.67,15.608300000000007,19.12599999999999,3.5176999999999836
1392,20,7.3,50.5,63.3,2,1,11.4,7.719599999999998,13.545000000000002,5.825400000000004
471,23,5.2,90.4,52.8,1,0,8.06,8.556799999999996,10.874399999999998,2.3176000000000023
1095,34,3.0,56.4,30.2,10,1,15.9,12.272700000000004,14.847999999999999,2.575299999999995
1849,22,1.1,65.6,34.6,6,1,14.94,9.489099999999993,12.45009999999999,2.9609999999999967
2332,26,4.8,90.8,84.8,3,0,5.77,11.066400000000009,14.357300000000004,3.2908999999999953
2719,18,7.6,79.7,83.4,2,0,8.27,9.2103,12.748199999999997,3.537899999999997
1339,18,8.3,88.5,57.8,2,1,12.74,9.490400000000001,13.0985,3.6080999999999985
2409,23,8.8,79.5,52.8,6,1,16.45,11.4405,16.846299999999992,5.405799999999992
2941,34,3.1,66.9,74.1,3,1,14.78,10.168199999999999,12.347299999999988,2.1790999999999894
45,23,1.6,99.8,50.8,1,1,13.16,7.2341000000000015,11.397899999999995,4.163799999999993
705,34,4.1,63.4,60.5,6,0,7.89,11.391599999999993,13.2347,1.8431000000000068
522,28,8.2,53.2,63.8,10,0,15.12,14.284899999999995,19.203500000000012,4.918600000000017
2777,21,8.5,97.5,81.1,9,0,16.1,15.790600000000005,21.3172,5.526599999999995
2355,33,9.4,60.4,70.4,9,0,15.4,15.762,19.338299999999997,3.5762999999999963
221,21,9.6,91.6,43.1,2,0,10.23,8.368699999999995,13.310799999999997,4.942100000000002
838,25,2.6,81.7,91.6,4,0,9.14,10.093900000000001,15.5552,5.461299999999998
1459,29,2.4,74.4,53.3,4,1,15.8,8.352600000000002,12.261300000000004,3.9087000000000014
1620,21,4.7,61.3,31.3,10,0,12.67,12.629200000000003,14.951800000000008,2.322600000000005
160,23,3.6,74.3,37.0,1,0,5.91,5.958600000000001,10.4574,4.498799999999999
181,25,8.1,54.5,72.8,7,1,16.42,12.502600000000003,18.005599999999994,5.502999999999991
200,20,1.6,56.3,77.8,3,1,13.49,8.453000000000003,11.612299999999998,3.1592999999999947
2854,25,7.2,63.2,80.2,2,0,9.07,9.539600000000002,12.760599999999993,3.220999999999991
288,19,7.1,75.5,57.0,8,1,18.16,13.515500000000007,18.429400000000005,4.913899999999998
2689,23,1.7,89.1,84.5,4,1,14.46,10.399700000000005,15.3716,4.971899999999996
313,29,3.2,77.0,62.3,5,0,9.68,10.366000000000001,12.48000000000001,2.114000000000008
1763,20,8.1,58.8,43.5,10,0,13.43,13.648099999999992,17.442400000000003,3.7943000000000104
432,27,3.3,67.5,50.1,10,0,15.21,13.354799999999996,16.1795,2.8247000000000053
2701,19,5.2,93.9,76.0,8,1,18.44,15.096400000000008,19.7727,4.676299999999992
2262,18,5.0,90.8,47.7,3,0,10.95,8.791899999999998,12.731299999999997,3.939399999999999
1787,20,7.1,82.5,72.5,1,1,12.88,8.846000000000002,12.939099999999998,4.093099999999996
1422,25,2.0,62.8,74.3,6,1,15.16,11.321899999999998,14.437000000000001,3.1151000000000035
2729,31,7.5,95.0,62.2,8,0,15.38,14.071300000000003,20.82969999999999,6.758399999999986
295,18,5.9,53.9,47.5,1,0,3.26,6.142700000000003,10.009300000000001,3.8665999999999983
1382,30,3.8,97.3,74.1,10,0,16.44,16.74549999999999,18.937099999999997,2.191600000000008
1563,34,5.7,84.5,48.1,10,0,10.47,14.988499999999993,18.393500000000007,3.4050000000000136
1532,23,2.8,83.7,53.7,1,0,6.86,8.143200000000004,10.737200000000003,2.5939999999999994
1566,23,9.9,68.2,93.2,9,0,16.22,17.6169,20.171300000000013,2.5544000000000118
1316,28,3.3,63.5,81.7,10,1,17.27,14.423499999999995,17.75119999999999,3.3276999999999948
2529,34,4.3,89.5,93.8,3,0,12.27,9.795399999999999,13.769900000000009,3.9745000000000097
1550,30,1.9,64.3,86.4,5,1,15.23,12.070599999999995,15.3279,3.2573000000000043
473,29,6.9,76.2,52.7,5,1,14.84,10.6304,15.851900000000002,5.2215000000000025
2560,26,4.6,92.9,51.0,10,1,15.14,15.082500000000003,18.39520000000001,3.3127000000000066
739,31,5.4,63.5,78.3,2,1,11.21,9.247900000000007,12.803599999999994,3.5556999999999874
767,32,2.6,55.8,80.3,7,1,11.87,12.269099999999998,15.999500000000001,3.730400000000003
2520,22,8.7,52.6,78.8,9,1,17.12,14.84840000000001,19.340100000000003,4.491699999999993
1408,19,3.3,83.4,40.4,10,0,13.35,12.600199999999996,16.323,3.7228000000000048
2637,25,4.7,85.2,41.9,6,1,17.92,11.0042,15.33929999999999,4.33509999999999
2762,23,3.4,70.9,55.0,3,0,8.64,7.777600000000006,11.521799999999994,3.7441999999999878
2736,19,6.8,93.1,80.8,2,1,12.32,8.972400000000004,13.577899999999998,4.605499999999994
1546,21,8.9,84.4,88.1,9,0,13.99,15.764900000000006,21.496800000000004,5.731899999999998
832,29,3.1,67.3,59.6,2,0,6.72,6.879000000000003,10.396500000000001,3.5174999999999983
946,29,8.2,86.5,65.3,3,0,12.38,9.738100000000008,15.102200000000012,5.364100000000004
1028,19,4.7,69.6,57.8,5,1,14.14,10.5932,13.536699999999998,2.9434999999999985
2404,20,5.5,51.2,41.1,5,1,10.81,11.075700000000001,12.101399999999995,1.0256999999999934
951,34,9.8,77.5,31.3,9,1,21.62,13.611700000000006,18.662800000000004,5.051099999999998
1902,25,7.5,80.2,40.8,9,1,19.2,13.318599999999996,18.928200000000018,5.609600000000022
352,33,3.8,84.9,88.8,4,1,14.06,10.274800000000004,15.2468,4.971999999999996
588,19,6.1,97.4,48.6,6,1,17.12,11.476799999999999,16.699299999999997,5.222499999999998
1843,24,3.2,76.5,92.0,5,0,13.1,11.7105,15.357899999999997,3.6473999999999975
1792,27,2.1,74.4,66.1,9,1,17.18,14.291399999999994,17.87700000000001,3.5856000000000154
1844,22,9.5,80.7,46.1,4,1,13.29,10.436399999999997,15.76039999999999,5.323999999999993
908,32,7.0,84.0,81.5,10,1,21.06,15.279200000000003,22.4163,7.137099999999997
2680,21,2.0,72.9,76.1,4,1,14.68,10.136100000000004,15.097100000000001,4.960999999999997
2998,19,9.0,75.2,68.3,4,1,14.24,10.8462,16.744100000000007,5.897900000000007
2708,19,2.0,90.2,63.1,8,1,15.54,12.537399999999998,17.9819,5.4445000000000014
1288,20,7.1,53.5,62.0,2,0,8.49,7.377499999999999,13.188599999999997,5.811099999999999
1428,31,6.8,59.6,60.6,1,1,11.64,7.489299999999997,12.497799999999993,5.008499999999995
2094,20,9.7,79.8,43.6,2,0,10.87,8.589399999999998,12.592499999999996,4.003099999999998
1365,26,9.7,55.6,50.9,7,1,19.73,12.010399999999999,17.684500000000007,5.674100000000008
955,19,7.6,65.8,47.2,3,0,10.19,9.173299999999998,12.350500000000006,3.177200000000008
1707,22,8.3,52.3,56.6,7,0,13.64,12.577299999999994,16.449300000000004,3.8720000000000105
1131,30,4.6,73.5,38.8,9,0,13.36,12.336899999999998,16.579400000000003,4.242500000000005
805,22,5.2,94.7,38.6,2,0,7.02,8.383799999999994,12.357299999999984,3.9734999999999907
1780,23,3.7,98.6,38.7,10,1,17.47,13.2141,16.955599999999986,3.741499999999986
764,31,2.7,68.3,41.1,10,1,16.78,12.16059999999999,16.018100000000008,3.8575000000000177
2746,25,5.1,73.2,71.6,8,0,13.05,13.254000000000008,18.882600000000014,5.628600000000006
706,29,8.8,74.7,51.7,1,1,12.57,7.5768,12.887700000000004,5.310900000000004
1143,34,8.3,76.8,69.2,7,1,17.25,12.308499999999997,17.883700000000008,5.575200000000011
130,26,9.5,96.8,67.1,6,0,13.13,13.104700000000003,19.363899999999987,6.259199999999984
1598,33,4.1,60.5,48.7,3,1,9.07,7.852099999999999,10.535499999999997,2.683399999999998
261,25,4.9,93.7,54.6,10,1,17.12,15.053099999999995,20.028100000000002,4.975000000000007
1154,32,7.8,62.0,60.6,5,1,16.2,11.708000000000002,16.78770000000002,5.079700000000017
1462,22,1.7,56.5,89.2,8,0,11.51,13.156099999999995,17.882199999999997,4.726100000000002
450,34,9.1,98.3,56.3,7,0,13.08,13.264100000000006,19.188100000000006,5.9239999999999995
2004,26,4.2,53.4,86.5,7,1,17.95,13.314899999999998,16.143100000000015,2.8282000000000167
2528,28,6.5,72.4,57.3,7,1,16.1,12.363000000000001,17.71980000000001,5.356800000000009
558,18,8.4,74.9,30.6,2,1,12.95,7.964199999999997,11.688300000000002,3.7241000000000044
1515,34,9.6,77.2,83.4,4,1,18.13,11.640399999999998,15.851299999999997,4.210899999999999
2099,31,6.1,79.3,42.9,6,1,12.48,10.429800000000002,15.621000000000004,5.191200000000002
1816,23,4.5,87.6,54.9,8,1,15.07,11.823800000000004,15.957199999999995,4.133399999999991
2460,32,4.9,51.4,73.2,2,0,8.01,7.549799999999999,13.116799999999994,5.566999999999995
797,18,5.4,66.9,42.9,2,1,9.1,7.278699999999992,11.5145,4.235800000000008
5,24,9.6,50.8,87.0,1,1,10.43,9.0064,14.455500000000015,5.449100000000016
2942,33,6.9,57.2,49.2,1,1,8.4,6.532199999999998,10.807799999999993,4.275599999999995
2554,22,8.8,98.0,72.4,8,0,12.83,15.114999999999993,20.7639,5.6489000000000065
1217,31,1.1,56.0,61.0,7,0,8.8,10.876700000000007,16.466800000000006,5.5901
2659,20,9.0,77.8,55.9,1,0,6.08,8.2536,13.028000000000002,4.774400000000002
2792,20,7.8,83.7,90.4,5,1,17.62,13.33670000000001,16.964199999999984,3.6274999999999746
2750,29,9.4,75.7,81.0,5,0,9.62,11.8265,17.9995,6.173000000000002
2385,29,4.2,94.9,89.5,5,1,16.46,12.591899999999992,16.584199999999996,3.9923000000000037
2239,21,3.1,79.3,47.8,9,0,11.88,13.278099999999995,17.853,4.574900000000007
87,33,9.1,85.9,68.6,5,0,15.31,11.941600000000001,18.0413,6.099699999999999
2205,33,7.0,85.3,76.3,7,0,12.05,13.753200000000007,18.52719999999999,4.773999999999983
2397,27,1.1,77.4,63.2,10,1,18.32,12.517599999999998,18.540200000000006,6.022600000000008
56,31,2.4,73.2,30.6,1,0,4.16,5.814699999999999,10.063600000000001,4.248900000000002
926,24,5.4,89.6,87.5,2,1,13.18,10.4287,14.128899999999994,3.7001999999999953
2573,19,3.5,99.0,57.1,3,1,14.16,9.415699999999996,12.799099999999994,3.383399999999998
1193,30,3.4,64.2,94.0,4,0,12.41,9.59060000000001,14.689699999999998,5.099099999999989
1933,31,4.6,85.4,75.4,4,0,7.96,10.405800000000006,15.144599999999999,4.738799999999992
1612,20,4.8,76.8,77.4,10,0,17.33,15.595999999999998,20.009700000000002,4.413700000000004
2234,33,5.4,86.6,53.9,7,1,17.45,11.940499999999997,16.6125,4.672000000000004
2582,29,2.7,78.6,75.8,6,1,15.4,11.215099999999996,15.270400000000004,4.055300000000008
2317,33,3.7,59.1,50.1,6,1,14.58,9.797199999999997,12.294899999999993,2.4976999999999965
2829,29,8.5,58.9,84.1,4,1,15.76,12.0579,14.615599999999997,2.557699999999997
2116,21,5.1,94.7,86.9,6,0,13.7,14.560299999999994,18.00670000000001,3.446400000000015
2502,23,8.3,91.1,55.9,4,1,19.09,10.317700000000002,15.599299999999994,5.281599999999992
2207,25,6.4,55.0,76.3,1,1,13.45,8.749799999999995,12.810100000000004,4.060300000000009
2176,32,2.8,83.9,86.9,3,1,15.17,9.583900000000005,13.393199999999997,3.8092999999999915
472,23,7.5,68.1,47.2,5,0,7.91,11.111600000000008,15.734700000000002,4.623099999999994
13,23,3.2,98.0,60.6,9,1,20.07,14.080200000000007,18.567199999999993,4.486999999999986
1578,33,4.7,65.2,75.4,10,1,22.83,15.171499999999996,18.477399999999985,3.3058999999999887
820,25,6.5,56.7,71.7,4,0,12.37,9.843599999999997,14.1574,4.313800000000004
1438,19,4.6,65.1,70.5,4,1,12.55,9.710200000000004,14.765200000000004,5.055
1721,20,10.0,90.5,93.1,9,0,18.25,16.866399999999995,21.185100000000002,4.318700000000007
1031,29,1.6,97.9,41.3,8,1,16.0,13.15960000000001,16.260400000000008,3.100799999999998
2500,30,9.2,73.1,85.8,3,1,14.28,10.357199999999999,15.611400000000001,5.254200000000003
1069,30,3.8,90.1,30.0,10,0,14.87,12.041199999999996,16.711499999999997,4.670300000000001
543,26,4.9,76.5,49.5,6,0,9.39,10.3147,13.535300000000007,3.2206000000000063
2939,29,2.3,61.5,65.5,5,0,8.12,10.0369,14.089900000000005,4.053000000000006
610,22,6.3,53.2,51.0,4,0,7.15,10.211300000000007,13.287400000000009,3.076100000000002
804,25,5.2,74.7,50.9,1,0,8.66,6.158100000000001,10.606300000000003,4.448200000000002
2795,24,2.7,70.5,87.5,1,0,5.95,7.792800000000005,11.340499999999995,3.54769999999999
65,18,4.7,68.8,79.1,8,1,18.32,14.8848,16.841199999999994,1.9563999999999933
2827,34,8.0,77.9,53.1,9,0,17.03,13.904000000000005,18.739300000000007,4.835300000000002
205,28,4.6,58.0,46.7,2,0,4.94,5.602299999999996,10.4739,4.871600000000004
1716,19,5.1,81.5,78.7,6,0,11.77,12.4005,16.359499999999997,3.958999999999998
1903,28,2.0,58.2,80.5,3,0,5.34,8.066500000000007,12.346699999999998,4.280199999999992
2929,31,1.6,56.4,33.4,10,0,9.82,11.546700000000003,14.668899999999994,3.1221999999999905
752,31,9.6,72.7,63.2,1,1,9.92,8.479300000000002,13.778300000000009,5.299000000000007
2236,30,9.8,91.7,49.5,3,0,9.44,10.288200000000002,14.8349,4.546699999999998
592,28,6.2,86.1,83.5,10,0,17.17,15.901700000000003,20.391700000000004,4.49
2122,23,5.9,93.9,50.5,8,0,15.3,12.776600000000009,17.620599999999996,4.843999999999987
1581,29,2.6,85.7,66.4,2,1,12.15,7.666999999999997,12.003800000000002,4.336800000000005
2657,19,4.0,98.9,65.6,1,1,9.09,8.426400000000005,14.293699999999996,5.867299999999991
2306,31,4.7,97.5,31.3,5,1,19.46,9.685399999999998,14.6582,4.972800000000003
1801,20,8.3,51.2,47.3,6,1,13.23,11.050799999999999,15.335299999999993,4.284499999999994
1174,32,7.3,64.0,90.3,5,1,14.09,12.59300000000001,18.8061,6.21309999999999
555,19,3.9,84.7,77.3,1,0,11.72,6.837200000000004,12.7668,5.929599999999996
140,32,7.3,76.9,71.8,4,1,14.23,10.787900000000006,14.5012,3.713299999999995
1655,18,8.2,78.5,39.0,6,0,7.4,12.738500000000002,16.0391,3.3005999999999993
2991,20,5.8,63.1,32.7,1,1,8.11,6.502499999999999,10.066200000000002,3.5637000000000034
2677,22,8.0,62.6,70.8,4,0,10.56,10.826500000000003,14.5552,3.7286999999999964
1624,27,10.0,95.7,93.3,10,0,20.41,16.235099999999992,22.07489999999999,5.839799999999997
2354,22,7.9,66.8,43.4,10,0,10.3,13.505799999999995,18.076899999999995,4.5710999999999995
356,20,4.2,84.6,84.4,1,0,10.35,7.138400000000003,12.507800000000001,5.369399999999998
1611,32,7.6,55.8,94.6,1,0,10.75,9.111700000000006,12.799299999999993,3.6875999999999873
1633,24,9.9,51.9,85.4,7,0,15.0,14.894300000000003,18.91829999999999,4.0239999999999885
2655,33,3.5,96.9,81.2,7,0,14.55,12.593899999999994,17.116699999999998,4.522800000000004
2855,29,6.3,50.6,90.3,2,1,14.59,10.023900000000001,13.487499999999995,3.4635999999999942
2307,23,8.9,51.1,73.6,10,0,16.6,14.626900000000012,19.745599999999996,5.1186999999999845
1733,34,7.1,77.1,85.0,7,0,14.5,13.074900000000005,17.8559,4.7809999999999935
2860,22,9.9,73.6,88.6,6,0,16.24,13.851400000000002,16.7646,2.9132
2956,23,5.5,71.9,60.6,7,0,12.61,11.801099999999998,16.669899999999988,4.86879999999999
1904,18,1.3,86.8,44.9,2,1,10.79,7.4079,9.527999999999995,2.1200999999999954
1965,31,2.7,65.8,91.3,9,1,19.13,15.2781,17.791199999999986,2.5130999999999855
1985,25,4.5,86.4,38.4,6,1,15.55,10.421299999999997,15.1778,4.756500000000003
2246,22,2.8,84.2,76.7,3,0,8.43,9.286,13.939200000000003,4.6532000000000036
2312,31,3.8,76.7,31.4,8,0,11.17,10.898900000000003,15.251100000000017,4.352200000000014
2470,27,9.0,70.9,76.1,10,0,17.1,16.121299999999998,20.376000000000012,4.254700000000014
646,22,6.2,59.7,88.5,7,1,15.64,13.0309,16.75519999999999,3.7242999999999906
2508,32,1.1,90.6,91.5,3,0,9.24,9.153200000000005,14.145799999999992,4.992599999999987
2145,28,8.6,61.0,53.2,4,0,10.72,10.29400000000001,13.182799999999995,2.8887999999999856
1286,32,8.1,70.5,34.7,3,0,8.05,8.808200000000001,12.442500000000003,3.6343000000000014
2370,25,8.8,65.3,31.6,2,1,16.31,7.154299999999998,12.178700000000003,5.024400000000004
630,32,8.5,96.7,63.3,2,1,14.8,8.657199999999998,13.4956,4.838400000000002
1373,21,6.3,58.5,51.5,10,0,15.9,13.129799999999996,17.023299999999985,3.893499999999989
1507,23,4.2,63.4,58.2,3,0,10.66,7.633600000000005,12.178100000000006,4.544500000000001
1335,33,5.8,87.5,45.8,2,1,12.66,7.137399999999999,12.2668,5.129400000000001
1587,29,4.5,68.4,84.6,7,1,17.1,12.8005,16.676999999999992,3.876499999999993
554,24,9.0,87.5,45.3,4,1,15.99,10.481300000000001,15.32889999999999,4.847599999999989
365,25,8.7,82.5,61.0,5,0,13.78,11.030299999999997,17.117699999999985,6.087399999999988
1745,23,7.9,56.0,66.0,4,0,7.17,10.763100000000003,13.4965,2.733399999999996
1502,33,5.0,97.2,38.2,3,0,8.57,8.637599999999994,13.110599999999991,4.472999999999997
428,28,5.3,99.1,49.3,7,1,18.25,11.7862,16.698200000000003,4.912000000000004
1123,24,4.5,70.0,67.1,3,0,9.1,8.097700000000003,13.265900000000002,5.168199999999999
62,26,2.2,81.6,53.7,10,0,10.27,13.674300000000002,18.3318,4.657499999999999
1906,20,3.1,73.2,59.4,6,0,10.57,11.423099999999993,13.000900000000003,1.5778000000000105
2978,26,2.1,79.3,67.0,7,0,12.89,10.463500000000002,16.9317,6.468199999999998
701,22,1.6,80.3,68.6,9,0,12.25,12.7289,18.30820000000001,5.579300000000011
1404,26,7.8,56.0,60.9,6,1,14.13,12.229200000000002,16.637099999999997,4.407899999999994
490,28,2.3,73.3,52.0,10,1,18.22,13.746299999999998,16.930699999999998,3.1844
992,25,4.4,96.6,56.6,8,0,13.97,12.153400000000003,16.318399999999983,4.16499999999998
2249,23,1.6,86.5,66.4,8,0,12.87,10.681399999999995,17.502200000000002,6.820800000000007
2906,21,2.5,75.8,82.9,3,1,16.03,9.950800000000001,13.616200000000003,3.6654000000000018
2962,28,3.7,88.2,41.5,5,0,10.46,10.216699999999989,13.3807,3.1640000000000104
2744,23,8.4,94.3,88.1,7,1,23.5,14.749,20.95310000000001,6.204100000000009
642,30,2.4,79.6,37.3,4,1,11.39,7.582799999999999,11.560599999999997,3.9777999999999984
1337,27,10.0,73.8,34.2,4,1,11.04,9.371099999999995,14.769599999999993,5.3984999999999985
1380,29,7.2,96.9,65.2,9,0,12.84,14.9087,20.86970000000001,5.961000000000009
93,18,6.9,66.5,44.8,5,0,8.19,10.993999999999998,15.459900000000003,4.465900000000005
2541,30,3.1,71.2,43.0,9,1,17.79,12.185300000000005,16.03,3.844699999999996
809,30,4.9,94.8,64.5,6,1,17.85,12.137700000000002,15.686699999999997,3.548999999999994
213,20,5.3,97.5,65.6,9,0,16.14,14.549699999999994,19.782499999999988,5.232799999999994
2822,18,2.7,71.7,85.8,8,1,15.39,14.597399999999999,17.045399999999997,2.4479999999999986
2650,33,6.5,61.6,79.5,5,0,9.79,11.896600000000001,17.593400000000003,5.696800000000001
2507,29,5.8,87.6,91.9,2,0,8.64,9.908500000000007,13.688600000000001,3.780099999999994
1674,19,1.8,51.1,51.3,6,0,12.0,9.609500000000002,11.600999999999999,1.9914999999999967
2825,20,6.2,74.9,81.7,4,1,12.85,12.416700000000002,16.010500000000004,3.5938000000000017
2625,32,3.9,90.2,51.9,1,1,11.03,7.0498,11.826499999999996,4.7766999999999955
1718,19,7.0,59.4,36.8,1,1,10.84,6.899699999999999,10.497199999999996,3.5974999999999966
1442,19,2.5,78.5,56.6,3,0,6.77,8.894100000000007,11.619500000000002,2.725399999999995
1377,27,8.4,80.6,81.0,6,1,19.86,12.7786,18.165599999999994,5.386999999999993
2105,20,4.3,58.2,50.8,9,1,15.53,13.266899999999994,16.562500000000007,3.2956000000000127
889,32,1.8,54.5,43.3,7,1,14.87,10.158599999999995,14.643799999999997,4.4852000000000025
2398,18,7.2,85.1,64.4,6,0,12.99,12.358100000000002,17.014199999999985,4.656099999999983
330,22,7.9,52.8,47.6,8,0,13.62,12.450200000000002,18.181500000000007,5.7313000000000045
2648,32,3.0,54.6,52.3,2,0,4.97,5.756799999999999,10.165299999999998,4.408499999999999
2730,32,8.5,72.4,36.5,10,1,20.19,14.036699999999998,18.208100000000005,4.171400000000007
189,33,6.8,56.4,37.4,7,1,19.1,10.832600000000003,14.597299999999995,3.7646999999999924
2595,25,1.6,93.1,60.2,2,0,5.79,6.930099999999998,11.661399999999999,4.731300000000001
176,21,6.6,72.7,46.5,3,1,13.74,7.8317000000000005,11.382899999999998,3.551199999999997
143,34,3.1,50.8,72.2,5,1,14.24,10.609299999999996,13.10500000000001,2.4957000000000136
2798,22,6.3,90.0,69.9,5,1,19.12,11.416900000000004,16.873399999999982,5.456499999999979
