rank,target_percentage,qini_gain
1,0.16666666666666669,0.0
2,0.33333333333333337,0.0
3,0.5,0.0
4,0.6666666666666667,10.223333333333333
5,0.8333333333333334,9.715
6,1.0,8.907999999999998
7,1.1666666666666667,8.693333333333332
8,1.3333333333333335,16.336666666666666
9,1.5,20.130000000000003
10,1.6666666666666667,24.913333333333327
11,1.8333333333333333,32.86666666666665
12,2.0,32.492857142857126
13,2.166666666666667,37.14142857142856
14,2.3333333333333335,37.5625
15,2.5,42.17
16,2.666666666666667,43.66666666666666
17,2.833333333333333,50.94333333333333
18,3.0,48.26599999999998
19,3.166666666666667,47.31181818181817
20,3.3333333333333335,56.36454545454545
21,3.5000000000000004,56.317499999999995
22,3.6666666666666665,56.92499999999998
23,3.833333333333333,56.103846153846135
24,4.0,54.44285714285712
25,4.166666666666666,59.21214285714285
26,4.333333333333334,60.99142857142857
27,4.5,72.18071428571429
28,4.666666666666667,79.0
29,4.833333333333333,81.51133333333334
30,5.0,85.47999999999999
31,5.166666666666667,82.5
32,5.333333333333334,84.03999999999999
33,5.5,82.67529411764704
34,5.666666666666666,86.74000000000001
35,5.833333333333333,93.22470588235294
36,6.0,88.14999999999998
37,6.166666666666667,86.03277777777774
38,6.333333333333334,91.65555555555551
39,6.5,96.99833333333328
40,6.666666666666667,98.07842105263154
41,6.833333333333333,93.17049999999995
42,7.000000000000001,93.18099999999993
43,7.166666666666667,93.22238095238089
44,7.333333333333333,97.39999999999998
45,7.5,104.31227272727273
46,7.666666666666666,105.27999999999997
47,7.833333333333334,104.86374999999998
48,8.0,106.44
49,8.166666666666666,102.86624999999992
50,8.333333333333332,105.47249999999997
51,8.5,97.4163999999999
52,8.666666666666668,99.44999999999993
53,8.833333333333334,97.95461538461524
54,9.0,102.3599999999999
55,9.166666666666666,101.33999999999986
56,9.333333333333334,102.68999999999988
57,9.5,100.75999999999982
58,9.666666666666666,104.69999999999987
59,9.833333333333332,106.06586206896537
60,10.0,104.9199999999999
61,10.166666666666666,103.64483870967729
62,10.333333333333334,102.79624999999987
63,10.5,101.6931249999999
64,10.666666666666668,99.02818181818168
65,10.833333333333334,102.76909090909083
66,11.0,105.62941176470582
67,11.166666666666666,112.61970588235289
68,11.333333333333332,108.7999999999999
69,11.5,109.23029411764696
70,11.666666666666666,109.13999999999987
71,11.833333333333334,114.90771428571418
72,12.0,114.59999999999985
73,12.166666666666668,121.04916666666662
74,12.333333333333334,124.99999999999989
75,12.5,125.86078947368406
76,12.666666666666668,126.21256410256404
77,12.833333333333332,130.85128205128194
78,13.0,132.59099999999995
79,13.166666666666666,136.8131707317072
80,13.333333333333334,135.88523809523798
81,13.5,132.68511627906963
82,13.666666666666666,138.1420930232557
83,13.833333333333334,141.14068181818175
84,14.000000000000002,148.7445454545454
85,14.166666666666666,152.67840909090904
86,14.333333333333334,155.67244444444435
87,14.499999999999998,158.58978260869554
88,14.666666666666666,165.36782608695648
89,14.833333333333334,163.4558695652172
90,15.0,166.65391304347804
91,15.166666666666668,172.38195652173897
92,15.333333333333332,182.06999999999982
93,15.5,180.10804347826058
94,15.666666666666668,182.6060869565216
95,15.833333333333332,183.0472340425531
96,16.0,184.91446808510625
97,16.166666666666664,189.0317021276595
98,16.333333333333332,187.7389361702128
99,16.5,195.26617021276593
100,16.666666666666664,198.4734042553191
101,16.833333333333332,200.66270833333317
102,17.0,198.6312499999999
103,17.166666666666668,198.53367346938774
104,17.333333333333336,198.78040816326518
105,17.5,202.5871428571428
106,17.666666666666668,200.86599999999976
107,17.833333333333336,200.24199999999996
108,18.0,204.2779999999999
109,18.166666666666668,205.24399999999991
110,18.333333333333332,210.39666666666642
111,18.5,210.7299999999999
112,18.666666666666668,212.8953846153845
113,18.833333333333332,210.61480769230752
114,19.0,213.44679245282998
115,19.166666666666668,220.38264150943382
116,19.333333333333332,225.54849056603769
117,19.5,229.4033333333332
118,19.666666666666664,231.59037037037024
119,19.833333333333332,227.83527272727258
120,20.0,223.27714285714274
121,20.166666666666664,228.17428571428547
122,20.333333333333332,230.79142857142836
123,20.5,228.67578947368406
124,20.666666666666668,231.79087719298218
125,20.833333333333336,233.11344827586186
126,21.0,233.3582758620688
127,21.166666666666668,240.60310344827565
128,21.333333333333336,246.48793103448247
129,21.5,258.8527586206893
130,21.666666666666668,262.6255932203386
131,21.833333333333332,258.2635593220333
132,22.0,264.01152542372836
133,22.166666666666668,257.86983333333296
134,22.333333333333332,258.26366666666627
135,22.5,257.4174999999997
136,22.666666666666664,253.35540983606518
137,22.833333333333332,255.87193548387063
138,23.0,255.77516129032222
139,23.166666666666664,250.57190476190453
140,23.333333333333332,250.26937499999963
141,23.5,259.7743076923073
142,23.666666666666668,259.5718181818178
143,23.833333333333336,260.4416417910445
144,24.0,261.196470588235
145,24.166666666666668,262.3589855072461
146,24.333333333333336,263.1688405797098
147,24.5,261.99199999999973
148,24.666666666666668,265.9765714285712
149,24.833333333333332,272.27114285714265
150,25.0,278.73070422535193
151,25.166666666666664,277.5387499999997
152,25.333333333333336,285.26999999999987
153,25.5,285.46124999999984
154,25.666666666666664,285.86249999999984
155,25.833333333333336,295.3337499999998
156,26.0,300.8012328767119
157,26.166666666666664,299.40835616438335
158,26.333333333333332,302.6954794520543
159,26.5,305.4095945945942
160,26.666666666666668,309.6686486486483
161,26.833333333333332,312.91479999999933
162,27.0,320.6115999999995
163,27.166666666666668,327.6283999999994
164,27.333333333333332,327.2551999999994
165,27.500000000000004,326.43921052631526
166,27.666666666666668,329.65519480519424
167,27.833333333333332,326.4788461538458
168,28.000000000000004,331.9069230769228
169,28.166666666666668,336.27499999999964
170,28.333333333333332,341.3730769230765
171,28.499999999999996,349.2011538461534
172,28.666666666666668,356.6392307692304
173,28.833333333333332,358.6773076923073
174,28.999999999999996,361.1153846153841
175,29.166666666666668,360.4979746835438
176,29.333333333333332,359.11599999999953
177,29.5,361.75324999999975
178,29.666666666666668,365.4209876543207
179,29.833333333333336,367.5206097560972
180,30.0,373.1691566265056
181,30.166666666666668,376.28130952380934
182,30.333333333333336,372.59870588235253
183,30.5,378.82776470588215
184,30.666666666666664,385.14682352941145
185,30.833333333333336,387.84588235294086
186,31.0,383.31209302325556
187,31.166666666666664,391.82505747126424
188,31.333333333333336,393.5195454545451
189,31.5,401.31078651685357
190,31.666666666666664,400.4066666666663
191,31.833333333333336,404.59133333333307
192,32.0,400.7126373626372
193,32.166666666666664,403.66890109890096
194,32.33333333333333,397.91891304347814
195,32.5,410.1688043478259
196,32.666666666666664,410.4386956521739
197,32.83333333333333,414.11858695652177
198,33.0,419.10847826086956
199,33.166666666666664,421.1602150537635
200,33.33333333333333,420.83404255319147
201,33.5,423.1814736842107
202,33.666666666666664,420.26833333333343
203,33.83333333333333,419.4091666666668
204,34.0,425.8172164948453
205,34.166666666666664,425.576224489796
206,34.333333333333336,429.29469387755125
207,34.5,437.77316326530627
208,34.66666666666667,442.03575757575754
209,34.833333333333336,441.92939999999976
210,35.0,442.31079207920766
211,35.16666666666667,448.72245098039207
212,35.333333333333336,457.79137254901957
213,35.5,456.8102941176471
214,35.66666666666667,453.15815533980594
215,35.833333333333336,453.4292307692308
216,36.0,459.32769230769236
217,36.16666666666667,459.0561538461541
218,36.333333333333336,464.0946153846153
219,36.5,461.81628571428587
220,36.666666666666664,457.16113207547187
221,36.833333333333336,453.3387850467293
222,37.0,454.2950000000001
223,37.166666666666664,454.0574999999999
224,37.333333333333336,455.9011926605508
225,37.5,462.5097247706424
226,37.666666666666664,468.12825688073417
227,37.833333333333336,464.89636363636396
228,38.0,465.86513513513546
229,38.166666666666664,469.90875000000005
230,38.333333333333336,471.50973451327445
231,38.5,470.2910526315791
232,38.666666666666664,473.7328695652177
233,38.83333333333333,477.3493043478263
234,39.0,478.4108620689658
235,39.166666666666664,481.88629310344845
236,39.33333333333333,485.81692307692333
237,39.5,481.90559322033937
238,39.666666666666664,479.6700000000003
239,39.83333333333333,482.73741666666683
240,40.0,483.2900000000002
241,40.166666666666664,486.22297520661186
242,40.33333333333333,499.1800000000003
243,40.5,497.90352459016435
244,40.666666666666664,493.7949593495937
245,40.833333333333336,498.50747967479697
246,41.0,498.4164516129033
247,41.16666666666667,499.86896000000024
248,41.333333333333336,499.42968253968274
249,41.5,497.88976190476205
250,41.66666666666667,494.1996850393705
251,41.833333333333336,496.4770312500002
252,42.0,497.5558139534885
253,42.16666666666667,499.2140769230771
254,42.333333333333336,496.6030534351146
255,42.5,499.9859090909092
256,42.66666666666667,503.1130303030304
257,42.833333333333336,501.5587218045116
258,43.0,501.8135820895525
259,43.166666666666664,507.19918518518534
260,43.333333333333336,513.3292592592593
261,43.5,518.7193333333332
262,43.666666666666664,513.6792647058821
263,43.833333333333336,521.9793382352939
264,44.0,525.0794117647056
265,44.166666666666664,528.069124087591
266,44.333333333333336,531.3679710144925
267,44.5,529.8671739130432
268,44.666666666666664,531.0163768115938
269,44.83333333333333,536.2155797101445
270,45.0,535.3398561151075
271,45.166666666666664,540.3223741007191
272,45.33333333333333,543.2145714285709
273,45.5,555.0289999999995
274,45.666666666666664,559.8165957446802
275,45.83333333333333,562.8976760563373
276,46.0,560.4512676056329
277,46.166666666666664,555.1253846153838
278,46.33333333333333,561.3751388888879
279,46.5,563.8656249999992
280,46.666666666666664,568.7861111111104
281,46.833333333333336,569.3015172413786
282,47.0,573.153972602739
283,47.16666666666667,570.3020408163256
284,47.333333333333336,574.9136734693866
285,47.5,574.3353061224482
286,47.66666666666667,578.6969387755091
287,47.833333333333336,585.241554054053
288,48.0,585.6252348993278
289,48.16666666666667,591.946711409395
290,48.333333333333336,592.8081879194622
291,48.5,593.3796644295294
292,48.66666666666667,599.7211409395966
293,48.833333333333336,600.1826174496634
294,49.0,600.7340939597307
295,49.166666666666664,594.2849999999992
296,49.333333333333336,593.5676821192046
297,49.5,601.5097350993371
298,49.666666666666664,600.5376315789467
299,49.833333333333336,596.2574509803915
300,50.0,597.8235294117642
301,50.16666666666667,603.8599999999994
302,50.33333333333333,603.5781935483867
303,50.5,600.3534193548383
304,50.66666666666667,605.2533333333329
305,50.83333333333333,607.5550318471333
306,51.0,610.7736708860753
307,51.16666666666667,605.611698113207
308,51.33333333333333,609.8224528301882
309,51.5,616.7409374999995
310,51.66666666666667,616.8881249999997
311,51.83333333333333,615.1950931677015
312,52.0,612.7409937888194
313,52.166666666666664,617.3868944099374
314,52.33333333333333,618.0662962962958
315,52.5,616.5459509202449
316,52.666666666666664,623.747073170731
317,52.83333333333333,630.3648170731703
318,53.0,636.3825609756097
319,53.166666666666664,640.380304878049
320,53.333333333333336,643.3580487804877
321,53.5,652.0357926829267
322,53.666666666666664,656.0235365853657
323,53.833333333333336,662.2912804878049
324,54.0,666.2636363636364
325,54.166666666666664,663.8856024096385
326,54.333333333333336,665.5433734939757
327,54.50000000000001,669.8811445783133
328,54.666666666666664,673.0489156626504
329,54.833333333333336,677.1059281437126
330,55.00000000000001,680.6987425149703
331,55.166666666666664,684.8115568862279
332,55.333333333333336,688.6550000000004
333,55.50000000000001,686.0012500000007
334,55.666666666666664,686.2587573964502
335,55.833333333333336,685.126568047338
336,56.00000000000001,686.5543786982255
337,56.166666666666664,687.3321893491134
338,56.333333333333336,681.8891764705888
339,56.49999999999999,688.3745882352946
340,56.666666666666664,684.1887134502929
341,56.833333333333336,685.3793567251466
342,56.99999999999999,686.6200000000003
343,57.166666666666664,688.5606432748541
344,57.333333333333336,692.4512865497077
345,57.49999999999999,695.8603488372096
346,57.666666666666664,704.190697674419
347,57.833333333333336,700.82098265896
348,57.99999999999999,698.1719653179196
349,58.166666666666664,701.3491379310351
350,58.333333333333336,697.8400000000008
351,58.5,692.2627840909101
352,58.666666666666664,691.7600000000009
353,58.833333333333336,690.3806214689273
354,59.0,691.0535955056189
355,59.166666666666664,693.2367977528099
356,59.333333333333336,698.3900000000008
357,59.5,696.1232022471922
358,59.66666666666667,701.0364044943831
359,59.833333333333336,700.8796067415742
360,60.0,700.148324022347
361,60.16666666666667,698.1883333333344
362,60.333333333333336,702.7300000000009
363,60.5,701.6226923076929
364,60.66666666666667,701.3978688524599
365,60.83333333333333,698.0866847826096
366,61.0,696.3962702702711
367,61.16666666666667,701.5547027027037
368,61.33333333333333,702.1629032258074
369,61.5,704.4678074866324
370,61.66666666666667,708.6553191489375
371,61.83333333333333,712.9227659574481
372,62.0,717.9102127659589
373,62.16666666666667,725.9776595744697
374,62.33333333333333,727.3051063829803
375,62.5,728.705079365081
376,62.66666666666667,724.2166315789486
377,62.83333333333333,731.0174736842118
378,63.0,726.7577486911009
379,63.16666666666667,730.4558115183258
380,63.33333333333333,737.1538743455508
381,63.5,740.6601562500009
382,63.66666666666667,741.3000000000006
383,63.83333333333333,741.3000000000011
384,64.0,739.7819587628878
385,64.16666666666667,745.3239690721657
386,64.33333333333333,748.5347179487189
387,64.5,748.6528061224499
388,64.66666666666666,746.617309644671
389,64.83333333333333,754.3860913705594
390,65.0,762.4260606060616
391,65.16666666666666,767.806717171718
392,65.33333333333333,767.9612562814077
393,65.5,772.1527135678398
394,65.66666666666666,778.124170854272
395,65.83333333333333,783.395628140704
396,66.0,788.0296000000008
397,66.16666666666666,791.7347000000009
398,66.33333333333333,792.0798000000004
399,66.5,798.3849000000005
400,66.66666666666666,800.9900000000007
401,66.83333333333333,799.1341791044783
402,67.0,803.1383168316843
403,67.16666666666666,811.1841584158424
404,67.33333333333333,815.148866995075
405,67.5,822.0644334975382
406,67.66666666666666,825.7800000000011
407,67.83333333333333,829.2555665024638
408,68.0,827.2800000000011
409,68.16666666666666,831.4958823529423
410,68.33333333333333,832.3200000000011
411,68.5,835.1264077669916
412,68.66666666666667,838.0100000000011
413,68.83333333333333,845.6635922330106
414,69.0,843.610000000001
415,69.16666666666667,846.4127884615395
416,69.33333333333334,852.440000000001
417,69.5,859.3472115384625
418,69.66666666666667,860.9100000000008
419,69.83333333333334,861.3446889952161
420,70.0,862.2200000000007
421,70.16666666666667,858.7277725118493
422,70.33333333333334,862.9200000000005
423,70.5,864.4222274881522
424,70.66666666666667,862.5200000000004
425,70.83333333333334,863.6713145539907
426,71.0,866.4500000000003
427,71.16666666666667,860.3886854460093
428,71.33333333333334,865.2000000000003
429,71.5,866.9511682242992
430,71.66666666666667,872.0
431,71.83333333333334,868.2328703703702
432,72.0,868.8995391705066
433,72.16666666666667,873.5097695852537
434,72.33333333333334,880.5344954128441
435,72.5,881.097247706422
436,72.66666666666667,884.9886301369861
437,72.83333333333334,883.2815454545457
438,73.0,886.5485067873306
439,73.16666666666667,893.9063800904974
440,73.33333333333333,891.6242533936647
441,73.5,897.8821266968321
442,73.66666666666667,901.7689189189186
443,73.83333333333333,904.8644594594589
444,74.0,901.8264125560536
445,74.16666666666667,903.2082062780264
446,74.33333333333333,905.9715178571419
447,74.5,900.866266666666
448,74.66666666666667,900.3375111111104
449,74.83333333333333,901.8187555555551
450,75.0,907.6299999999992
451,75.16666666666667,905.6912444444433
452,75.33333333333333,908.3324888888878
453,75.5,904.2834070796453
454,75.66666666666667,907.7368141592915
455,75.83333333333333,909.7402212389375
456,76.0,906.4636283185832
457,76.16666666666667,906.2870353982298
458,76.33333333333333,908.6404424778752
459,76.5,906.5338495575215
460,76.66666666666667,912.9972566371671
461,76.83333333333333,918.6014977973564
462,77.0,917.2802631578938
463,77.16666666666666,920.4462008733622
464,77.33333333333333,919.7414410480342
465,77.5,920.926681222707
466,77.66666666666666,929.0376521739126
467,77.83333333333333,927.6281818181815
468,78.0,921.175172413793
469,78.16666666666666,925.868540772532
470,78.33333333333333,923.4047210300428
471,78.5,932.7409012875537
472,78.66666666666666,933.2940170940174
473,78.83333333333333,933.8728085106382
474,79.0,938.1037446808505
475,79.16666666666666,944.1646808510636
476,79.33333333333333,949.2179661016944
477,79.5,952.4999576271184
478,79.66666666666666,956.571949152542
479,79.83333333333333,954.129493670886
480,80.0,954.3817647058822
481,80.16666666666666,952.9409623430956
482,80.33333333333333,954.6879497907948
483,80.5,953.8649372384939
484,80.66666666666666,958.8293333333336
485,80.83333333333333,959.6723651452285
486,81.0,956.8887603305789
487,81.16666666666667,964.0881404958682
488,81.33333333333333,970.3975206611576
489,81.5,973.2469008264466
490,81.66666666666667,968.5413168724285
491,81.83333333333334,974.2516460905349
492,82.0,975.471975308642
493,82.16666666666667,981.4123045267493
494,82.33333333333334,988.3626337448563
495,82.5,985.4613934426229
496,82.66666666666667,988.9868979591838
497,82.83333333333334,992.7997142857148
498,83.0,991.9465853658539
499,83.16666666666667,1003.4460162601627
500,83.33333333333334,1009.2133603238872
501,83.5,1013.1999193548386
502,83.66666666666667,1017.4379032258071
503,83.83333333333334,1023.0708032128518
504,84.0,1020.8354400000007
505,84.16666666666667,1025.7116733067737
506,84.33333333333334,1029.682231075698
507,84.5,1030.0864285714292
508,84.66666666666667,1034.298571428572
509,84.83333333333334,1036.5123715415025
510,85.0,1038.3862204724414
511,85.16666666666667,1040.9280392156866
512,85.33333333333334,1038.5100000000002
513,85.5,1043.1685937500001
514,85.66666666666667,1040.1000000000004
515,85.83333333333333,1047.0666536964982
516,86.0,1048.243307392996
517,86.16666666666667,1049.3107751937982
518,86.33333333333333,1046.88
519,86.5,1047.6755384615385
520,86.66666666666667,1049.9099999999999
521,86.83333333333333,1047.365325670498
522,87.0,1046.3484732824427
523,87.16666666666667,1047.1682509505704
524,87.33333333333333,1048.592424242424
525,87.5,1049.0737735849052
526,87.66666666666667,1052.975018867924
527,87.83333333333333,1057.716264150943
528,88.0,1058.137509433962
529,88.16666666666667,1057.612255639097
530,88.33333333333333,1061.6614232209731
531,88.5,1058.1632835820888
532,88.66666666666667,1063.6846268656714
533,88.83333333333333,1064.5559701492534
534,89.0,1061.2938661710036
535,89.16666666666667,1064.8968518518514
536,89.33333333333333,1068.5794814814813
537,89.5,1071.4621111111105
538,89.66666666666666,1066.5530258302583
539,89.83333333333333,1072.0872693726933
540,90.0,1081.261512915129
541,90.16666666666666,1081.8111397058824
542,90.33333333333333,1084.9474264705882
543,90.5,1091.623713235294
544,90.66666666666666,1087.7162637362635
545,90.83333333333333,1090.808131868132
546,91.0,1090.1411678832114
547,91.16666666666666,1095.9971636363634
548,91.33333333333333,1098.4994202898552
549,91.5,1103.4595652173916
550,91.66666666666666,1105.706498194946
551,91.83333333333333,1109.7147122302158
552,92.0,1114.0855913978494
553,92.16666666666666,1116.9822500000005
554,92.33333333333333,1119.3045195729537
555,92.5,1121.8813829787237
556,92.66666666666666,1120.4173851590108
557,92.83333333333333,1115.8299647887325
558,93.0,1119.255422535212
559,93.16666666666666,1117.1108802816902
560,93.33333333333333,1115.9163380281698
561,93.5,1118.8717957746485
562,93.66666666666667,1123.1041052631585
563,93.83333333333333,1127.8048421052636
564,94.0,1125.8989510489519
565,94.16666666666667,1130.4528321678326
566,94.33333333333334,1125.5787108013947
567,94.5,1128.6918750000004
568,94.66666666666667,1132.2394444444453
569,94.83333333333334,1140.15701388889
570,95.0,1142.2145833333348
571,95.16666666666667,1145.5821527777794
572,95.33333333333334,1148.6097222222234
573,95.5,1150.4497577854681
574,95.66666666666667,1152.3652413793116
575,95.83333333333334,1156.55603448276
576,96.0,1161.8568275862085
577,96.16666666666667,1160.4113058419257
578,96.33333333333334,1163.4909589041108
579,96.5,1166.9009897610936
580,96.66666666666667,1164.8094197952232
581,96.83333333333334,1167.378333333335
582,97.0,1172.8157142857153
583,97.16666666666667,1167.6733220338992
584,97.33333333333334,1171.2628474576281
585,97.5,1176.6523728813563
586,97.66666666666667,1179.0218983050859
587,97.83333333333334,1178.6214237288145
588,98.0,1180.1114864864876
589,98.16666666666667,1183.4461148648666
590,98.33333333333333,1187.7207432432451
591,98.5,1190.517575757577
592,98.66666666666667,1189.7044966442968
593,98.83333333333333,1196.845872483223
594,99.0,1200.9389966555195
595,99.16666666666667,1204.1591666666682
596,99.33333333333333,1209.4253333333345
597,99.5,1209.9994684385392
598,99.66666666666667,1210.247574750831
599,99.83333333333333,1209.9056810631241
600,100.0,1213.0355629139085
